claim_id	section	draft_claim	evidence_file	cohort	analysis_unit	n	allowed_wording	prohibited_wording	status
C01	Results 1	Six anchors define a patient-covered VM-like malignant epithelial transcriptional state	figures/manuscript_v1/source_data/Fig2_reconstructed_cohort_summary.tsv	GSE138709;GSE181878;GSE125449	malignant epithelial cells summarized by patient	4;1;10	defined;observed;patient-covered	true VM channels;perfusion;vascular mimicry morphology	supported_with_boundary
C02	Results 2	UCell, AUCell and module scores show positive but variable concordance	figures/manuscript_v1/source_data/FigS2_source.tsv	GSE138709;GSE181878;GSE125449	retained malignant epithelial cells	cohort-specific	score concordance;descriptive agreement	cell-level independent replication;clinical validity	supported_with_boundary
C03	Results 3	Receiver-side SecAct activity yields 657 groups, 249 cross-cohort positive groups, 66 state-restricted groups and 30 externally RNA-compatible groups	figures/manuscript_v1/source_data/Fig3_reconstructed_secact_funnel.tsv	GSE138709;GSE125449;GSE189903;GSE201425	pseudobulk and patient-by-state audit	657->249->66->30	constrained association;compatibility	secretion;ligand-receptor communication;causality	supported_with_boundary
C04	Results 4	Three myeloid states pass independent GSE201425 identity support and FCGR3A does not	figures/manuscript_v1/source_data/FigS6_GSE201425_identity_support_source.tsv	GSE201425	two-patient tissue identity transfer	2 patients	identity support;coverage	statistical independent validation;differential expression	supported_with_boundary
C05	Results 5	PLAU/SERPINE1 shows positive direction in three bulk cohorts and after MMP2 removal	figures/manuscript_v1/source_data/Fig4_reconstructed_three_cohort_directional_replication.tsv	GSE32225;GSE107943;GSE26566	patient-level bulk samples	149;30;104	directionally replicated;composition-aware association	cell-specific effect;causal effect	supported_with_boundary
C06	Results 6	RNA and total-protein program scores correlate in 208 matched tumors	figures/manuscript_v1/source_data/FigS8_program_cross_omic_availability_source.tsv	OEP001105	matched tumor samples	208	concordant;within-project cross-layer support	protein proves morphology;independent replication	supported
C07	Results 7	Only EPHA2, MCAM and LAMC2 have phosphopeptide readouts	figures/manuscript_v1/source_data/Fig5_reconstructed_anchor_cross_omics.tsv	OEP001105	available matched phosphopeptide samples	anchor-specific	limited phosphopeptide abundance support	phosphorylation activation;complete phospho-score	supported_with_boundary
C08	Results 8	KRAS/BAP1/MYC/MCL1 and genomic burden associate with VM score in OEP001105	figures/manuscript_v1/source_data/Fig6_reconstructed_RNA_genomic_events.tsv	OEP001105	matched RNA-WES/CNV tumors	204-249	associated genomic context;directionally retained	genetic drivers;targetable vulnerabilities	supported_with_boundary
C09	Results 9	No genome-wide discrete-CNV association passes BH-FDR<0.05	figures/manuscript_v1/source_data/Fig6_reconstructed_genomewide_CNV_audit.tsv	OEP001105	nonconstant CNV genes	22845	no genome-wide hit	new CNV driver	supported
C10	Results 10	GSE255058 does not support treatment-response association	figures/manuscript_v1/source_data/FigS11_treatment_response_negative_audit_source.tsv	GSE255058	patient response groups	9 responders;9 nonresponders	no support in this small cohort	treatment resistance;predictive biomarker	negative_audit
C11	Results 10	GSE244807 OS association is not robust to tissue sensitivity	figures/manuscript_v1/source_data/FigS12_OS_sensitivity_audit_source.tsv	GSE244807	patient/sample Cox analysis	230	unresolved outcome association	independent prognosis;validated prognostic model	negative_audit
C12	Results 10	BTC spatial extrapolation is negative	figures/manuscript_v1/source_data/FigS13_spatial_negative_audit_source.tsv	GSE316402	patient-level spatial audit	6 patients;12 sections	negative BTC extrapolation audit	iCCA spatial absence;communication negation	negative_audit
C13	Results 10	Dual virtual perturbation and CRISPR do not nominate an actionable target	figures/manuscript_v1/source_data/FigS14_virtual_perturbation_audit_source.tsv	cross-cohort GRN;DepMap;PRISM;CRISPR	cell lines and patient-balanced networks	available lines/cohorts	no actionable candidate nominated	validated target;drug recommendation	not_supported
