relative_path	kind	sha256
analysis	tree	6fa15fad55aa1dce9f8755ac5adf5dabc8dd75cac075eeec2e50b1d0e49db96b
figures	tree	b6b6519f80923b88f88f7d3ebf388446b8caa4c8e3285764df7e3936cf58ac2d
manuscript	tree	8b44e695af7c8f80c5929ccd03722e16b1371208a72c5c11f83f14361be8cc82
metadata	tree	f704513cb513cc772dfa536904c245af65274ff6fec05a6bf655028f92259794
scripts	tree	d53c38f2c0b9d03a3f62e7078608efb2e0de0ac39bae519df256980b5e022b41
source_data	tree	2bf4bedfc8189f2fbe648f957a184031255259b820dec25cfebe75df844484f2
supplementary_tables	tree	d94046aadeaba850f72d52c05cad83d6f97c3501cb9953939a4930c5f7e3e379
CITATION.cff	file	ef15274fdd5390c4e7c2d50620834a246d6103ea22d5e016789107f9271bb67d
LICENSE	file	0c6634f24ff2337edfcaa5d1e35b48a205def5a529a28527a44fe04503949d51
README.md	file	624981db3ed8bcedd97b129d728c5fbf82a8208c2b9735cc0aaad3ea8d68753f
RELEASE_MANIFEST.tsv	file	1eaaca8e96f85c816e37c37660c99bf1838fc552a946044a5f61a2b459458652
SOURCE_DATA_POLICY.md	file	735106b98a5e7242876ff48d2c3f12fe967963be91e5b58fc791262a6de62390
environment.lock.yml	file	f09cfd4dc36e6d5dbb86a65c3ac6fffdf24fc84d8b852485ee450373ed44c831
