cohort	signature	genes_requested	genes_present	n_VM_high_cells	n_VM_low_cells	spearman_with_existing_score	spearman_with_anchor_expression_score	standardized_difference_VM_high_vs_low	hedges_g_VM_high_vs_low	hedges_g_ci95_low	hedges_g_ci95_high	random_effect_percentile	random_correlation_percentile	random_empirical_p_two_sided	random_effect_mean	random_effect_sd
GSE138709	six_anchor_program	6	6	435	12012	0.5792595804688127	1.0	1.6772326409924654	1.6771315602571557	1.579219753000762	1.7750433675135493	1.0	1.0	0.0019960079840319	0.0294250748802088	0.1942735089411843
GSE138709	published_hallmark_hypoxia	200	149	435	12012	0.2283919783773627	0.4450419471180528	0.204526593349761	0.2045142672729003	0.108811715702511	0.3002168188432896	0.792	1.0	0.3153692614770459	0.0294250748802088	0.1942735089411843
GSE138709	published_hallmark_emt	200	119	435	12012	0.122936815870383	0.5016722277563285	0.4952962009289294	0.4952663512211653	0.3993998482407673	0.5911328542015635	0.994	1.0	0.0079840319361277	0.0294250748802088	0.1942735089411843
GSE138709	published_hallmark_angiogenesis	36	25	435	12012	0.1200188522176406	0.4188813361291104	0.0986218832582264	0.0986159396745912	0.0029392809225876	0.1942925984265948	0.654	1.0	0.6307385229540918	0.0294250748802088	0.1942735089411843
GSE138709	published_hallmark_inflammatory_response	200	139	435	12012	0.2241739576107869	0.4390863841942941	0.4463219896696557	0.4462950914601896	0.3504657191629198	0.5421244637574594	0.986	1.0	0.0159680638722554	0.0294250748802088	0.1942735089411843
GSE138709	published_hallmark_tgf_beta_signaling	54	49	435	12012	0.1378128324925546	0.447161700970268	0.7016839784336638	0.7016416904822124	0.6055765196022881	0.7977068613621366	1.0	1.0	0.0019960079840319	0.0294250748802088	0.1942735089411843
GSE125449	six_anchor_program	6	6	281	1607	0.8333824168397523	1.0	3.2898327398775105	3.2885243084550484	3.123874858333888	3.453173758576209	1.0	1.0	0.0019960079840319	0.0252960415216445	0.1840619312169436
GSE125449	published_hallmark_hypoxia	200	188	281	1607	-0.022118108977272	0.322671207567393	0.1410783964914692	0.1410222868282749	0.0141284748960496	0.2679160987605002	0.772	0.99	0.3952095808383233	0.0252960415216445	0.1840619312169436
GSE125449	published_hallmark_emt	200	194	281	1607	0.033788191709352	0.3524152458137493	0.2918591681462391	0.2917430899937217	0.1645874660473812	0.4188987139400622	0.924	0.996	0.1097804391217564	0.0252960415216445	0.1840619312169436
GSE125449	published_hallmark_angiogenesis	36	34	281	1607	-0.2429743884594137	-0.0983888801548712	-0.4288684256643194	-0.4286978562255028	-0.5562484991917463	-0.3011472132592593	0.008	0.034	0.0319361277445109	0.0252960415216445	0.1840619312169436
GSE125449	published_hallmark_inflammatory_response	200	189	281	1607	0.0167732686694347	0.3178961757822837	0.1975002893109764	0.1974217395472308	0.0704512546575656	0.3243922244368961	0.856	0.984	0.2355289421157684	0.0252960415216445	0.1840619312169436
GSE125449	published_hallmark_tgf_beta_signaling	54	52	281	1607	0.0226641886675258	0.3179087298185471	0.2714242137626044	0.2713162629948346	0.1442067655372302	0.3984257604524389	0.912	0.984	0.1317365269461078	0.0252960415216445	0.1840619312169436
