cohort	random_id	genes_present	correlation_with_anchor_score	standardized_difference_VM_high_vs_low
GSE138709	1	6	0.179070454909418	0.085404288867572
GSE138709	2	6	0.0990349055370587	0.1368312996999489
GSE138709	3	6	-0.0508373466055132	-0.0669994271319849
GSE138709	4	6	0.0858242518000263	0.0023728560567514
GSE138709	5	6	0.0384561639203182	0.1538598804360297
GSE138709	6	6	0.0253962423115138	0.0753843563579234
GSE138709	7	6	0.2384599876510821	0.3775146453806356
GSE138709	8	6	-0.0834874149439832	-0.1418991210668784
GSE138709	9	6	0.0755130980107112	0.2263576867213039
GSE138709	10	6	0.1874850644360873	0.2646280831628741
GSE138709	11	6	0.1647140632566407	-0.0987697177452427
GSE138709	12	6	-0.0668017821719562	-0.1855062706286663
GSE138709	13	6	0.0099481485821424	-0.0455524709093788
GSE138709	14	6	0.2946329223598275	0.331680863058962
GSE138709	15	6	0.0513809807401068	0.0278649584600228
GSE138709	16	6	0.1540568075210918	-0.1165203367921131
GSE138709	17	6	0.0543144660133693	-0.0226010825353581
GSE138709	18	6	-0.0335854785388714	-0.411838130330471
GSE138709	19	6	-0.2886598580814632	-0.2034411772797207
GSE138709	20	6	0.0748756093109888	0.104957425486793
GSE138709	21	6	0.0858121966033527	-0.2215809831279472
GSE138709	22	6	0.1895533376358083	0.2618660629827628
GSE138709	23	6	0.1387736768548518	0.0047657555725269
GSE138709	24	6	-0.1370826163476285	-0.1955915716930419
GSE138709	25	6	0.0942371250875226	0.206312911259883
GSE138709	26	6	0.1857488801543911	0.1830255639292223
GSE138709	27	6	0.1467445461704075	0.2785797874095689
GSE138709	28	6	0.1258155687993277	-0.2525141711442082
GSE138709	29	6	0.0944326734497673	-0.0046611101280928
GSE138709	30	6	0.0328350441351128	0.0462175760651554
GSE138709	31	6	0.0347202477570552	-0.166713102569877
GSE138709	32	6	0.0777317585596127	0.2496417528135334
GSE138709	33	6	0.0984677575544112	-0.2501098521929039
GSE138709	34	6	0.1463382522618713	0.0046967050038466
GSE138709	35	6	0.082330557844346	0.0899940198251278
GSE138709	36	6	0.0002004044330884	-0.1130654459440858
GSE138709	37	6	0.1239522713627758	0.0253442830463697
GSE138709	38	6	0.093085723177436	0.1854247153923492
GSE138709	39	6	-0.0100497146983819	-0.2766708258021592
GSE138709	40	6	0.2796807956643943	0.1346026087503383
GSE138709	41	6	0.1002499844303387	0.1585062474602276
GSE138709	42	6	-0.1041005574430651	-0.242734325160156
GSE138709	43	6	-0.0251979355207886	-0.2509500020619575
GSE138709	44	6	0.0446263698338223	0.0344200412639956
GSE138709	45	6	0.1151897135525394	-0.2328093604375697
GSE138709	46	6	0.0213002526523106	-0.0486553184119967
GSE138709	47	6	0.133739420006651	0.1053298657578894
GSE138709	48	6	0.1188734529873181	0.4025626499596152
GSE138709	49	6	-0.0114260259445039	-0.0339355552639136
GSE138709	50	6	0.065824768522552	0.1800959548734328
GSE138709	51	6	0.1034017635348375	0.1210328470980636
GSE138709	52	6	0.0532203406351799	0.1209376200088048
GSE138709	53	6	0.0554365766392828	0.0127166498023366
GSE138709	54	6	0.0698205392388208	0.0544624525434974
GSE138709	55	6	0.0092637446491425	0.0244665064034803
GSE138709	56	6	0.2540162641442982	0.1383780983610154
GSE138709	57	6	0.1431895967017031	0.4050238343127046
GSE138709	58	6	0.1285496980810529	-0.0419653776380856
GSE138709	59	6	0.1079285858319564	0.092334034847589
GSE138709	60	6	0.0541736034555317	-0.0488278888901156
GSE138709	61	6	-0.0457002656544529	-0.0330358321177138
GSE138709	62	6	0.1324475858453181	0.1362017394108593
GSE138709	63	6	0.0110645001750676	0.4104829213271993
GSE138709	64	6	0.2347719687842434	-0.0775333840879921
GSE138709	65	6	0.0480509733991162	-0.0625719460712231
GSE138709	66	6	0.0399053607660973	0.0608452380519212
GSE138709	67	6	0.0864277536385532	-0.1267286571218286
GSE138709	68	6	-0.0371266291175512	-0.2024966027499762
GSE138709	69	6	0.1105161759130026	-0.1889527672077147
GSE138709	70	6	-0.1258921527812246	-0.2870000008558702
GSE138709	71	6	-0.0172059325034486	-0.2389193314027635
GSE138709	72	6	0.1714867624407825	0.2772735275125074
GSE138709	73	6	0.114926240256177	-0.0171149451493686
GSE138709	74	6	0.2131292828028908	0.2875012947648759
GSE138709	75	6	0.1636777071912681	0.297054769225674
GSE138709	76	6	0.186362346623106	-0.1077033859867745
GSE138709	77	6	-0.0591203529345062	0.038272663363298
GSE138709	78	6	0.1424279991956075	-0.0583700000698158
GSE138709	79	6	0.1866613738111395	-0.0202452660373376
GSE138709	80	6	0.1556640567997442	0.1705247976106434
GSE138709	81	6	-0.0605172615122884	0.0561847574604754
GSE138709	82	6	-0.0967060566760888	-0.1696610396918764
GSE138709	83	6	0.1868661453566799	-0.0644074142257045
GSE138709	84	6	0.0158369841043659	-0.1416590013441871
GSE138709	85	6	0.278408954638729	0.1909554484861228
GSE138709	86	6	-0.0203220209266286	-0.2104109494247885
GSE138709	87	6	0.2268493714713266	0.3441839471749146
GSE138709	88	6	0.1538526472332392	0.2111714080417567
GSE138709	89	6	0.1695328171314407	-0.0795389898560269
GSE138709	90	6	0.0703603013279427	0.2207208958190043
GSE138709	91	6	0.0937286709933687	0.3771908959761612
GSE138709	92	6	0.041889515006445	-0.0723636858952641
GSE138709	93	6	0.0938067244278626	0.1035648367484016
GSE138709	94	6	0.2101149927405841	-0.0384924226742108
GSE138709	95	6	-0.0338925016845734	-0.127118576429983
GSE138709	96	6	0.2221748336415394	0.048276710844161
GSE138709	97	6	0.0993198697720681	0.2972878840773459
GSE138709	98	6	0.2301832927112826	0.4847363615809411
GSE138709	99	6	0.3241769529805341	0.4597136730209635
GSE138709	100	6	0.0628664019007363	0.0005161203875219
GSE138709	101	6	-0.005343087528659	0.0489772848295848
GSE138709	102	6	0.1189324195422976	0.0315920634726919
GSE138709	103	6	0.094487172118687	0.1815995475303053
GSE138709	104	6	0.1721466372929007	0.2453723637431073
GSE138709	105	6	0.2595495884226303	-0.1370621763718512
GSE138709	106	6	0.0730857036305475	-0.0800155035150991
GSE138709	107	6	0.2373464160287253	-0.0527163073758791
GSE138709	108	6	0.244436331013214	-0.0608369667832645
GSE138709	109	6	0.1699804409937354	0.2010252279939189
GSE138709	110	6	-0.0327790274498381	-0.0975955023795178
GSE138709	111	6	0.0537499542791332	-0.1175185991908341
GSE138709	112	6	-0.0364184665712804	-0.2803207877623632
GSE138709	113	6	0.0031556165870835	-0.1686747171482665
GSE138709	114	6	0.06983070649086	0.0376430250232155
GSE138709	115	6	0.053929022292463	-0.1179631420416687
GSE138709	116	6	0.2209911381953905	0.5290593268170029
GSE138709	117	6	0.1107039738681244	0.1793320182888221
GSE138709	118	6	0.2781498136914225	0.2180276193939249
GSE138709	119	6	-0.1290523379924922	0.1348217688384089
GSE138709	120	6	-0.1055062896537058	-0.0070266894858002
GSE138709	121	6	0.1561966260155705	-0.2112721334217274
GSE138709	122	6	0.0269246008254534	0.2287514861060399
GSE138709	123	6	0.1260206169333718	-0.0883435966576687
GSE138709	124	6	0.0182190161881416	-0.0653042961022134
GSE138709	125	6	0.3221058843349185	0.4068691796861332
GSE138709	126	6	0.2614379196327085	0.146720290323183
GSE138709	127	6	0.0563529803258388	-0.1666747866782076
GSE138709	128	6	0.1165468225545704	0.1062168143976135
GSE138709	129	6	0.16755595368831	0.3473210671658504
GSE138709	130	6	0.0800772094167809	0.1114607062150341
GSE138709	131	6	0.1093431842529874	0.0070809526655603
GSE138709	132	6	0.0823132624253119	-0.0339532448945282
GSE138709	133	6	0.0545870882073797	-0.2186518267158898
GSE138709	134	6	0.0550198221484688	-0.2039405263958791
GSE138709	135	6	0.2518812773712422	-0.1241241179937904
GSE138709	136	6	0.0444581523680282	0.1076642249656498
GSE138709	137	6	0.0795295699369189	0.0634215417021197
GSE138709	138	6	0.1250314046517254	0.3133857744427119
GSE138709	139	6	0.2387457644956523	0.3430756963180596
GSE138709	140	6	0.0480351429586033	0.0909268287283614
GSE138709	141	6	0.1312755416027015	0.1852161041602644
GSE138709	142	6	0.170725944007009	0.0508891773070448
GSE138709	143	6	0.1287563627956221	-0.2967462767603792
GSE138709	144	6	-0.095476294638169	-0.052219550354946
GSE138709	145	6	0.085829684798927	-0.0812442206734141
GSE138709	146	6	0.089739542166893	0.2066135802604944
GSE138709	147	6	0.1495932766380785	0.0515648647881474
GSE138709	148	6	0.0316102788782077	-0.1399932646424821
GSE138709	149	6	0.0808949648758948	0.224017069823351
GSE138709	150	6	0.1466773148965215	-0.299530292106916
GSE138709	151	6	0.2631588069846675	0.4436970359913471
GSE138709	152	6	0.0666464503596243	-0.102158040496346
GSE138709	153	6	0.2917195824008401	-0.1634568809225848
GSE138709	154	6	0.0479843766557973	-0.1233773357219197
GSE138709	155	6	0.0347551799023138	-0.1668267985674379
GSE138709	156	6	0.1068326055189794	-0.1768821211906603
GSE138709	157	6	0.1416965114238948	0.1148251747441138
GSE138709	158	6	0.0105526307212911	-0.154114549535917
GSE138709	159	6	0.1670395803132063	0.2224247336914237
GSE138709	160	6	-0.0354229721975959	-0.1379429929027767
GSE138709	161	6	-0.1076783627846565	-0.3243093268042173
GSE138709	162	6	0.1351764782920474	0.11886521855818
GSE138709	163	6	0.050468325092602	0.0837516311740035
GSE138709	164	6	0.2126401309578144	0.3293693968699065
GSE138709	165	6	0.0467131678460478	-0.0513681121183015
GSE138709	166	6	0.1209259801456982	0.2203806593846888
GSE138709	167	6	0.0741903230236803	-0.1508209376151857
GSE138709	168	6	0.1050695450589908	0.2455805004141117
GSE138709	169	6	0.0778857742047981	-0.0393699684126586
GSE138709	170	6	0.1725154270921402	0.3840159636078205
GSE138709	171	6	-0.2617323989568043	-0.2593806578205229
GSE138709	172	6	0.1196121229498324	-0.104311615579452
GSE138709	173	6	0.2496832194423637	0.0685654762194606
GSE138709	174	6	0.049907783730269	0.1869064005186726
GSE138709	175	6	-0.039802740956038	0.0326731604473266
GSE138709	176	6	0.2078359465103463	0.0537131649401496
GSE138709	177	6	0.0656535552620089	-0.1366805722836751
GSE138709	178	6	0.1540762999239793	0.3709567452701452
GSE138709	179	6	0.1788691065083848	0.1120984852341076
GSE138709	180	6	0.0152968873234641	0.1454676029986655
GSE138709	181	6	0.1830181303395598	0.251291066831579
GSE138709	182	6	-0.0274997961440308	0.1096077264975387
GSE138709	183	6	0.126322323516201	-0.111796731076753
GSE138709	184	6	-0.16154148184188	-0.2639746736492844
GSE138709	185	6	0.0888636172065836	0.0328766246278221
GSE138709	186	6	-0.0179862026145019	-0.2188223973786493
GSE138709	187	6	0.0599053905417188	0.2655500074926678
GSE138709	188	6	0.2321618159766462	0.4017179722632621
GSE138709	189	6	0.0945910929742327	0.1023964110152991
GSE138709	190	6	0.1525437701794093	-0.0732325248682738
GSE138709	191	6	0.1255368224364135	-0.1061478571695915
GSE138709	192	6	0.2872924511088067	-0.1529059382834555
GSE138709	193	6	0.1153401116102169	0.0322974146344678
GSE138709	194	6	-0.0176595979880663	-0.1841916232771228
GSE138709	195	6	0.0442441153033652	0.006193430880228
GSE138709	196	6	0.0631391488401318	0.3448361759185193
GSE138709	197	6	0.1382206055935652	0.0851552956687763
GSE138709	198	6	0.0379367578087652	-0.3346853341625695
GSE138709	199	6	0.0658477627593589	-0.0138335385693303
GSE138709	200	6	0.1746208316113994	-0.1004290993043547
GSE138709	201	6	0.1149990128335931	-0.1963770370440136
GSE138709	202	6	-0.0076388834525396	-0.2327986267233378
GSE138709	203	6	0.0905589780329527	0.0297995331777469
GSE138709	204	6	0.0672748686017424	0.217129015867638
GSE138709	205	6	0.2899133695736977	0.3455428354745482
GSE138709	206	6	0.3020126722302111	0.348044242101599
GSE138709	207	6	0.0668179361819245	0.0945181339369113
GSE138709	208	6	0.2881368226561629	0.3251417354627763
GSE138709	209	6	0.0949652025960517	-0.0748652314498712
GSE138709	210	6	0.1537667418001204	0.3553323784624365
GSE138709	211	6	0.0609852582810469	0.1013806047970904
GSE138709	212	6	0.0942847881316949	0.0117959707801224
GSE138709	213	6	0.0506836671818634	0.1584737022052207
GSE138709	214	6	0.1472215608291936	0.2009190175972247
GSE138709	215	6	0.0768782834616763	0.1819580298630647
GSE138709	216	6	0.1119265323773558	0.0775209891118551
GSE138709	217	6	0.0118303733805092	-0.2679843517728858
GSE138709	218	6	-0.0244048439756961	-0.1214403571819789
GSE138709	219	6	0.0949655406686781	-0.1859813695524559
GSE138709	220	6	0.1289451026973893	0.2520762710527961
GSE138709	221	6	0.0646233064337815	-0.210244776849728
GSE138709	222	6	-0.1090975439461706	-0.2926035786488831
GSE138709	223	6	0.1044783927962446	-0.0775651579687398
GSE138709	224	6	0.257176305242877	0.2455956809835632
GSE138709	225	6	-0.060000403395067	-0.1496351325547744
GSE138709	226	6	0.0864587365969958	-0.0025010393608359
GSE138709	227	6	0.2132614196690579	0.0796119102838711
GSE138709	228	6	0.1314265754228146	0.1760067719840081
GSE138709	229	6	-0.0203079045103422	0.0955191106464866
GSE138709	230	6	0.0778988372832465	-0.0145165397905451
GSE138709	231	6	0.0998923996015087	-0.0515073748620671
GSE138709	232	6	0.0691781026787771	0.2437073912541172
GSE138709	233	6	0.0910932095432438	0.1828641347095502
GSE138709	234	6	-0.1650816870284074	-0.3601992801273971
GSE138709	235	6	0.2010896875662383	0.4369738435025236
GSE138709	236	6	-0.1545188680536733	-0.3208605532969605
GSE138709	237	6	0.1746922489864714	0.0858010202499442
GSE138709	238	6	0.0812612174742075	-0.1526431860066437
GSE138709	239	6	0.0965048585735111	-0.2038647903577
GSE138709	240	6	-0.0001188357691754	0.2672871370429171
GSE138709	241	6	0.0860578418155668	0.1341011465156501
GSE138709	242	6	0.1103191247935659	0.2481737051800665
GSE138709	243	6	0.0543073099865582	0.1699536089750052
GSE138709	244	6	0.0261647914782289	0.0343335869929237
GSE138709	245	6	-0.051699992962541	-0.0259334806707376
GSE138709	246	6	0.1995160350782837	-0.0300330325607622
GSE138709	247	6	0.1986088051821135	0.129419546873668
GSE138709	248	6	0.0429022921436763	-0.0888293661007773
GSE138709	249	6	0.0628202017181785	-0.2269735009250766
GSE138709	250	6	0.1335447666753993	-0.0012265459370321
GSE138709	251	6	-0.0409202608642835	-0.09939922993686
GSE138709	252	6	-0.0073407800488485	-0.0799323322220227
GSE138709	253	6	-0.0054874290187866	-0.0102131789428986
GSE138709	254	6	0.2260022942369697	0.1025503768576782
GSE138709	255	6	0.117690556385721	-0.1435994438754314
GSE138709	256	6	-0.1728498355520207	-0.1865853663870914
GSE138709	257	6	-0.0637230160575932	-0.0450004218742047
GSE138709	258	6	0.1801563379796726	-0.0665546275905252
GSE138709	259	6	0.1785573864227891	0.2572593999021396
GSE138709	260	6	0.08492170569115	-0.1299363173653401
GSE138709	261	6	0.1539122674668052	0.1694179394122753
GSE138709	262	6	0.0705145338643407	-0.0363183560147669
GSE138709	263	6	0.0158111575602651	0.0526381048130687
GSE138709	264	6	0.2123300690865376	0.356812202787013
GSE138709	265	6	0.0092179966066357	-0.0967073081840545
GSE138709	266	6	0.1367910488802926	0.0604780803424963
GSE138709	267	6	0.0815878782635952	-0.0151810884813679
GSE138709	268	6	0.1760951738351757	0.365777952025511
GSE138709	269	6	0.098194115277351	0.129102260842749
GSE138709	270	6	0.1848538848049841	0.1059309988089169
GSE138709	271	6	-0.0712207851011268	-0.1092089133864437
GSE138709	272	6	-0.0677584948354188	-0.1411135325447179
GSE138709	273	6	0.2052409290257031	0.2943060672415265
GSE138709	274	6	0.1198442395483191	0.2441482907429595
GSE138709	275	6	0.05368289090137	-0.2310344234797144
GSE138709	276	6	-0.0021475064293418	-0.0788052996120946
GSE138709	277	6	-0.0383004290083371	-0.1695356059416935
GSE138709	278	6	0.1265458611013715	0.3265278855235325
GSE138709	279	6	-0.0029585817535464	-0.1529447276183846
GSE138709	280	6	-0.012008683668914	-0.0640078941092398
GSE138709	281	6	0.030232395080497	0.0166213882208164
GSE138709	282	6	-0.0443511368502779	-0.0236380597840065
GSE138709	283	6	0.031254461088117	-0.0795487586600901
GSE138709	284	6	0.0155287930532162	0.1277267208813627
GSE138709	285	6	0.3347252505930324	0.0856307825201979
GSE138709	286	6	0.1141878130562675	-0.0835570353957276
GSE138709	287	6	0.2455754971830376	0.3156195755689706
GSE138709	288	6	0.2409231014802238	0.4884767002074843
GSE138709	289	6	0.1141763548910807	0.0240799263491269
GSE138709	290	6	-0.0119197672199062	-0.0417828594724214
GSE138709	291	6	-0.0097694463077001	0.0230158575419451
GSE138709	292	6	0.0079758965835099	-0.1766775270468595
GSE138709	293	6	0.0768521630662186	0.058587602702673
GSE138709	294	6	-0.3067981633673721	-0.1949585355595218
GSE138709	295	6	0.0755742973828394	0.2482730205315036
GSE138709	296	6	0.2556054663341854	0.3393253111463212
GSE138709	297	6	-0.0090023380098755	0.0403763038638118
GSE138709	298	6	0.1837930343159688	0.4337818003236454
GSE138709	299	6	0.1448901608109581	0.1703679631932484
GSE138709	300	6	0.084750294793632	0.0771470873436842
GSE138709	301	6	0.2869366792101771	0.3337653557656225
GSE138709	302	6	0.0234400692156303	-0.0759275508401404
GSE138709	303	6	-0.0017610898297848	-0.0668295847765253
GSE138709	304	6	0.04560974949938	0.0347184871367149
GSE138709	305	6	0.0948089943805192	-0.0991504666811942
GSE138709	306	6	0.088664364004055	0.1134759997047721
GSE138709	307	6	-0.0168877568547773	-0.015336287530793
GSE138709	308	6	-0.0237649147310451	-0.2110298653240763
GSE138709	309	6	0.0802532159294995	0.2913550314674537
GSE138709	310	6	0.0529300684338882	0.0905598395391529
GSE138709	311	6	0.0123994559118164	-0.0278505918964744
GSE138709	312	6	0.2005216747426956	0.3550375115158668
GSE138709	313	6	0.2107290191002657	0.2400344846279675
GSE138709	314	6	0.0849324619043346	-0.1829141571311335
GSE138709	315	6	0.0038970177469931	0.1493982306463799
GSE138709	316	6	0.2494880394386213	0.203891837488253
GSE138709	317	6	0.1932469668123232	0.0469969748168487
GSE138709	318	6	0.0814756613067471	-0.0916739896350062
GSE138709	319	6	0.0322036987458726	0.2154127578343398
GSE138709	320	6	0.0779628261295017	0.1525704236232498
GSE138709	321	6	0.0336216111894546	-0.0072045899518427
GSE138709	322	6	0.1508365344603825	0.4362198423332389
GSE138709	323	6	0.0793028172528619	0.0214835956240727
GSE138709	324	6	0.0768902989078552	0.084925380345235
GSE138709	325	6	0.118757035360793	0.0534276589130389
GSE138709	326	6	0.1850800072420663	0.1471112283776794
GSE138709	327	6	0.0997496494324609	-0.3547074331110231
GSE138709	328	6	-0.0147004657823625	0.0234259458349336
GSE138709	329	6	0.0143859275222021	-0.1914770357714505
GSE138709	330	6	0.3850655971242793	0.4962788974297776
GSE138709	331	6	0.0423846665207876	-0.0055106818127832
GSE138709	332	6	-0.2009799695951324	-0.3320341015173849
GSE138709	333	6	0.2370745914973554	0.2186950031043903
GSE138709	334	6	0.2272964450472777	0.3409116100631219
GSE138709	335	6	0.0006672724993026	-0.0718629235574582
GSE138709	336	6	0.1109063674501821	-0.1708719060593994
GSE138709	337	6	0.0668286559761741	0.1384460986007182
GSE138709	338	6	0.081181577274883	0.0698420947367455
GSE138709	339	6	0.1065645620525687	-0.0431506302298136
GSE138709	340	6	0.2024401126930512	-0.154169669714503
GSE138709	341	6	-0.0079820849282911	-0.1379413010664902
GSE138709	342	6	0.0124450598694536	-0.0785918275391959
GSE138709	343	6	-0.2274081794003624	-0.3402078551004392
GSE138709	344	6	-0.0425565556275781	-0.3163424554730116
GSE138709	345	6	0.0676085757501495	-0.07226328276331
GSE138709	346	6	-0.3410105292761177	-0.128805082002832
GSE138709	347	6	0.2687592872379937	0.2663910320002111
GSE138709	348	6	0.0175466756763669	0.1464583751625498
GSE138709	349	6	0.0861621846928929	-0.0410775302829818
GSE138709	350	6	0.0792498652178922	0.0265218213997348
GSE138709	351	6	0.1593059471253615	0.2618252954228929
GSE138709	352	6	0.1028532591883474	0.0499437896738005
GSE138709	353	6	0.1077178874621312	0.0755107961246671
GSE138709	354	6	0.0522598155398148	-0.1518749512208461
GSE138709	355	6	0.2183676392436142	0.234441498535647
GSE138709	356	6	0.1219475066448465	-0.0545569205472963
GSE138709	357	6	0.1065872071436271	-0.0561237661753239
GSE138709	358	6	0.0097369204445743	-0.0860475845789423
GSE138709	359	6	0.1811135117460809	-0.0298061859958993
GSE138709	360	6	0.1960073481525436	-0.2356677358107094
GSE138709	361	6	-0.0376797693260284	-0.1344366988310933
GSE138709	362	6	0.1407766788301635	-0.1254911030232133
GSE138709	363	6	0.3019132798779939	0.0059613342427968
GSE138709	364	6	-0.0531889548110668	0.1284280809518246
GSE138709	365	6	0.0845962812053842	-0.0422601779119598
GSE138709	366	6	-0.0472975978195835	0.0367340082678035
GSE138709	367	6	-0.1691454304766102	-0.2913826206304341
GSE138709	368	6	-0.0117853821831525	-0.0860731853324719
GSE138709	369	6	0.0500393430455704	0.0255058169976699
GSE138709	370	6	0.2370183975313158	0.0506779170109457
GSE138709	371	6	0.315377141534262	0.2994781829985603
GSE138709	372	6	0.1749074054462849	0.0184679023906277
GSE138709	373	6	0.0075681088990182	-0.3239045652292153
GSE138709	374	6	-0.3279197029443635	-0.1030043579479588
GSE138709	375	6	0.1410082427152793	0.0380627499140879
GSE138709	376	6	0.1203556328999565	0.0489732558534977
GSE138709	377	6	0.0101905857778515	-0.0386282150676775
GSE138709	378	6	0.1897595192278478	0.0205911204255194
GSE138709	379	6	0.0356282829276529	0.1009660901235892
GSE138709	380	6	0.0061286823393941	-0.1093914567474371
GSE138709	381	6	0.1286088759908637	0.1371071739775117
GSE138709	382	6	0.1328976866297626	-0.083235430159406
GSE138709	383	6	0.119219869233955	0.3473889291330821
GSE138709	384	6	0.030824101177479	-0.1299103301040595
GSE138709	385	6	0.0448112424049014	-0.1282063742466825
GSE138709	386	6	-0.0700708480945503	-0.3161695568500244
GSE138709	387	6	0.1958969034192524	0.2909284973925491
GSE138709	388	6	-0.006908417571217	0.0064648299760913
GSE138709	389	6	0.0926540375805281	0.1765262480843363
GSE138709	390	6	0.0808189146157241	0.2347649379063103
GSE138709	391	6	0.0091367921596127	-0.1634807235653493
GSE138709	392	6	-0.0171235382268785	-0.1537084365854629
GSE138709	393	6	0.2441314366561908	-0.1018363420626946
GSE138709	394	6	0.0493503904747398	-0.3141616769623577
GSE138709	395	6	-0.0757675866371288	-0.187575433320756
GSE138709	396	6	-0.0128312650626963	0.3350163876774347
GSE138709	397	6	-0.1525145329305729	-0.1568994939907013
GSE138709	398	6	0.1618661071716839	-0.052240722518821
GSE138709	399	6	0.2475668847490627	0.0916431257770764
GSE138709	400	6	-0.0209475071245083	-0.1344423894565133
GSE138709	401	6	0.0751823665039947	0.0848713046542414
GSE138709	402	6	0.0936282911638727	0.047023839802881
GSE138709	403	6	0.1238870645184159	-0.1018444643283138
GSE138709	404	6	0.3233969641019013	0.154996105972735
GSE138709	405	6	0.1394782449081555	0.079869383378335
GSE138709	406	6	0.0369792412901764	-0.0354835069501276
GSE138709	407	6	-0.021431313466025	0.0904354143409158
GSE138709	408	6	-0.1869535030269379	-0.2406663005911955
GSE138709	409	6	0.2244379408709692	0.1810281382914111
GSE138709	410	6	0.0598520827911996	-0.0646619820351102
GSE138709	411	6	0.1242490865453821	-0.0755929129589978
GSE138709	412	6	0.0045604606859641	0.2133305904946558
GSE138709	413	6	0.1921868467271406	0.2068662882866256
GSE138709	414	6	0.0256158438763036	-0.0879591718180574
GSE138709	415	6	0.1827734825425128	-0.1176227403078749
GSE138709	416	6	0.0332397609595757	0.0914336370569712
GSE138709	417	6	0.2116921053500871	0.2867293089992314
GSE138709	418	6	-0.0914268858133009	-0.0050015094992063
GSE138709	419	6	0.0222452044697992	-0.2508646899329042
GSE138709	420	6	0.1438587008714995	0.0441770766558223
GSE138709	421	6	0.3016726285960687	0.3678391172065135
GSE138709	422	6	0.0796713806062322	-0.0272542270679005
GSE138709	423	6	-0.051153188653442	-0.1185652054869648
GSE138709	424	6	0.1693662842185844	0.3937128490793143
GSE138709	425	6	-0.0237194435405013	0.0112892168956725
GSE138709	426	6	0.0354147791003602	-0.0334930380022082
GSE138709	427	6	-0.0288866182123233	-0.3025058900142479
GSE138709	428	6	0.0361314111488176	-0.1693494827643346
GSE138709	429	6	0.2533232757400035	0.392274847489083
GSE138709	430	6	0.200839633183275	0.1354002335126991
GSE138709	431	6	-0.2087482007996471	-0.370520334829249
GSE138709	432	6	0.0920302538426578	0.0083003233711754
GSE138709	433	6	0.2496244805902268	0.247315839402425
GSE138709	434	6	0.0670707751441821	0.2973070865647649
GSE138709	435	6	-0.1463168402832488	-0.4035305602048978
GSE138709	436	6	0.2660378718317915	0.3855123232794917
GSE138709	437	6	0.147220226921141	-0.1057908541689932
GSE138709	438	6	0.1601414106046059	0.0210219899327246
GSE138709	439	6	0.0436331544071044	-0.1994464577056983
GSE138709	440	6	0.1195370294033613	-0.0152538008777506
GSE138709	441	6	0.1709475930994178	0.2556496014496156
GSE138709	442	6	0.0707809915620479	-0.1738730785289681
GSE138709	443	6	-0.0642004583738587	-0.11617107950179
GSE138709	444	6	0.1017878302458044	0.0640478490763206
GSE138709	445	6	-0.0241102866740674	-0.0425427092210322
GSE138709	446	6	0.0626911559319115	-0.1539467180965414
GSE138709	447	6	-0.1763747172640146	-0.2454357309764306
GSE138709	448	6	0.2037892048978708	0.3462944388825482
GSE138709	449	6	0.2600409843118092	0.2096208950678656
GSE138709	450	6	0.0977067453811002	0.4746376764660801
GSE138709	451	6	0.0063788543858003	-0.0125313699351569
GSE138709	452	6	-0.0196145607621348	0.0398296998908947
GSE138709	453	6	-0.0202790743716308	-0.1454519310572651
GSE138709	454	6	-0.0265909858557941	-0.0018908827057936
GSE138709	455	6	0.1969398838469524	0.2359582655498484
GSE138709	456	6	-0.1118664619538151	-0.3113165678860664
GSE138709	457	6	0.0251158246579958	-0.0610210461626083
GSE138709	458	6	0.1526140196627711	-0.1338838497546344
GSE138709	459	6	0.0466756502454516	-0.2209266313772298
GSE138709	460	6	0.2381399649546168	0.1788361136305883
GSE138709	461	6	-0.1188702408234521	-0.277316845143584
GSE138709	462	6	-0.0210846372192243	0.0451895024899836
GSE138709	463	6	0.076943524466204	0.1200343955708856
GSE138709	464	6	0.0742244473061147	0.0934158820428824
GSE138709	465	6	0.0516236493759701	-0.1438944305426477
GSE138709	466	6	0.0512500051791858	-0.1783358772079705
GSE138709	467	6	0.0687325540034783	0.1548287099280916
GSE138709	468	6	0.1552909799590747	0.3634402131862301
GSE138709	469	6	0.1681859327772943	0.1215289177909981
GSE138709	470	6	-0.0699459125892137	-0.3421436961803022
GSE138709	471	6	0.0565619015697008	0.2355615892833205
GSE138709	472	6	0.0612568392476744	0.0941320340796847
GSE138709	473	6	0.0458103121757872	-0.1301437374728394
GSE138709	474	6	-0.0112702357335797	-0.0830779068580829
GSE138709	475	6	0.0319076499982017	0.1034133927059223
GSE138709	476	6	0.0215972057198449	0.2154421511930079
GSE138709	477	6	0.2122952663297118	0.3820796040709411
GSE138709	478	6	0.0591815141580882	0.2800038082007793
GSE138709	479	6	-0.1546130557940204	-0.3620181531815646
GSE138709	480	6	0.0293561202562387	0.2338134807784145
GSE138709	481	6	0.1153726822940502	0.0471768105194955
GSE138709	482	6	-0.135863514875823	-0.1487590409127276
GSE138709	483	6	0.0253556926834338	0.1024837145760751
GSE138709	484	6	0.0175449997074131	0.0574131856273039
GSE138709	485	6	0.0735609938654014	0.1089395226527134
GSE138709	486	6	0.1446498484209616	0.0810189814380539
GSE138709	487	6	-0.0471143515748124	-0.0141945613095958
GSE138709	488	6	-0.0221027268468457	-0.0776837291525396
GSE138709	489	6	0.0267865553915125	0.0913303172076325
GSE138709	490	6	0.3256867177735855	0.5184732836412174
GSE138709	491	6	0.2124631454003185	0.3556510048550834
GSE138709	492	6	-0.1212726153167417	0.0708435909544346
GSE138709	493	6	-0.0939437112208938	-0.2206205048038174
GSE138709	494	6	0.074184059597759	-0.0129903474526576
GSE138709	495	6	0.0645674085447863	0.2011605599713223
GSE138709	496	6	0.1483490223733858	0.3249686318676123
GSE138709	497	6	0.1678642265238788	-0.0166972597648693
GSE138709	498	6	0.0213906938087805	-0.2715295187750493
GSE138709	499	6	-0.0439344299109299	-0.2306984025604982
GSE138709	500	6	-0.1585704252478809	-0.0774932007497795
GSE125449	1	6	-0.1101445809053026	-0.1363428236445657
GSE125449	2	6	0.2288087837503741	0.323176370721157
GSE125449	3	6	0.4021948346453214	0.6376849903752206
GSE125449	4	6	0.0689308186944542	-0.1606252513641345
GSE125449	5	6	0.2000040011360701	0.1806008445134415
GSE125449	6	6	0.0180524942891983	-0.174687009595969
GSE125449	7	6	0.0868316801539082	-9.272234284466368e-05
GSE125449	8	6	0.0955116314945218	-0.0193773334722124
GSE125449	9	6	-0.0012362115802668	0.0999849628132731
GSE125449	10	6	0.1076561317295529	-0.0952519222469127
GSE125449	11	6	0.0814642551830425	0.0718447054811581
GSE125449	12	6	0.1107655357858856	-0.0164273366121893
GSE125449	13	6	0.1105426826834624	-0.09834229983872
GSE125449	14	6	0.2730283213072769	0.3756112954573294
GSE125449	15	6	0.1741747991750143	0.0967396377298339
GSE125449	16	6	0.0815037370585094	-0.1100526435646128
GSE125449	17	6	-0.002523449611023	-0.299106886179926
GSE125449	18	6	0.0900839293518732	0.1921595938422263
GSE125449	19	6	0.2831682046540404	0.4207661480468697
GSE125449	20	6	0.2334124232757081	0.3228467338874579
GSE125449	21	6	0.1441831013298381	0.0678971578088265
GSE125449	22	6	0.1410708003007156	0.1140416961316441
GSE125449	23	6	0.1632649737045284	0.1155949893335312
GSE125449	24	6	-0.0108705555335334	-0.1159256737210273
GSE125449	25	6	0.0979196533387946	-0.1297764575164163
GSE125449	26	6	0.2165005503482856	0.2347292990499134
GSE125449	27	6	0.1472566027823326	0.1292921738625508
GSE125449	28	6	0.0400823377405741	0.0046584659321929
GSE125449	29	6	-0.1289107904771656	-0.1713733125786702
GSE125449	30	6	-0.1122239545875042	-0.3381624073915656
GSE125449	31	6	0.1178850541292742	0.0288126815314591
GSE125449	32	6	0.0804936763180933	-0.1750734225832445
GSE125449	33	6	0.2173820315963334	0.1452704473136493
GSE125449	34	6	0.1021281814986733	0.1183186994634521
GSE125449	35	6	0.1703433657684488	0.021057622747694
GSE125449	36	6	0.1922929451299506	0.1538642550315939
GSE125449	37	6	0.1138195897629047	0.1085953331659163
GSE125449	38	6	0.1859042318984283	0.1636539621189439
GSE125449	39	6	0.1973305197895924	0.2123014759133272
GSE125449	40	6	0.0732359184762483	-0.0795046947238072
GSE125449	41	6	0.1164209445440928	0.0033675470189463
GSE125449	42	6	-0.1255071173964176	-0.1929957652424151
GSE125449	43	6	-0.0060966603194661	-0.1508791517497249
GSE125449	44	6	0.2202636827003377	0.213845761240738
GSE125449	45	6	0.2110862211001819	0.1169332145527734
GSE125449	46	6	0.0490482281339494	-0.1802436212679776
GSE125449	47	6	0.0588243235182245	-0.1835948626780137
GSE125449	48	6	0.0508565347651866	-0.223094152881236
GSE125449	49	6	0.0832978407776873	-0.170021093008014
GSE125449	50	6	0.131089216136025	-0.0317139769430469
GSE125449	51	6	0.0687735094955265	-0.1148666857967532
GSE125449	52	6	0.1614217553112261	-0.0307584767769718
GSE125449	53	6	0.2201539348464511	0.1081485950475366
GSE125449	54	6	0.1002990315240888	0.1634215121207675
GSE125449	55	6	-0.1204302661771672	-0.2130719120497752
GSE125449	56	6	0.1556665630920834	0.1744573631273669
GSE125449	57	6	0.0083244223102407	-0.1612530184844395
GSE125449	58	6	0.0745463729320393	-0.0236635644757001
GSE125449	59	6	-0.0231005512078479	-0.2867776083254835
GSE125449	60	6	0.1481148379010826	0.0188460703447805
GSE125449	61	6	0.1657622832915295	0.1154179866716687
GSE125449	62	6	-0.0810581185605915	-0.2970402535646024
GSE125449	63	6	0.1483446731999818	0.0770034415939239
GSE125449	64	6	-0.185226400180359	-0.3844915794085339
GSE125449	65	6	0.1104866756493145	0.1177012624963733
GSE125449	66	6	0.1674893824302542	0.127474019516954
GSE125449	67	6	0.0932493617883278	0.046928378736575
GSE125449	68	6	-0.0061934380457052	-0.1250797853813819
GSE125449	69	6	0.2112886400440994	0.2758642795697417
GSE125449	70	6	0.1558732798448918	0.0439307125482666
GSE125449	71	6	0.1960218001312464	0.3620483836358052
GSE125449	72	6	0.1592725624450253	0.181042109583988
GSE125449	73	6	0.1999582107013391	0.2385245473934482
GSE125449	74	6	0.1113926521974809	-0.091472516931936
GSE125449	75	6	0.2472601103513633	0.3583006989575982
GSE125449	76	6	0.0289276250490693	0.0828533541698458
GSE125449	77	6	0.1868060528255097	0.2589956574135348
GSE125449	78	6	0.0622088609310085	-0.0702048306219381
GSE125449	79	6	0.0895210095554763	-0.0238770723350138
GSE125449	80	6	0.3204031981006706	0.5458135407471798
GSE125449	81	6	0.1635596869459335	-0.019600984687353
GSE125449	82	6	0.1639301775604288	0.0231189422298853
GSE125449	83	6	0.1795861596647876	0.1906395580906437
GSE125449	84	6	0.3395442279785023	0.6468093777140732
GSE125449	85	6	0.0893741667651417	-0.1549074982812611
GSE125449	86	6	0.1440861466245215	0.0770727630252945
GSE125449	87	6	-0.1494239895790551	-0.3087263364497173
GSE125449	88	6	0.1892237862957604	0.0239794678094905
GSE125449	89	6	0.0571696375176222	-0.2211744829658194
GSE125449	90	6	0.0425078899253515	-0.0566259331558083
GSE125449	91	6	0.1288770420223861	0.0106570477369269
GSE125449	92	6	0.1027524717528742	0.0887091003511824
GSE125449	93	6	0.2259069708797232	0.2341531772262418
GSE125449	94	6	0.1389967126642659	-0.1337634391872424
GSE125449	95	6	-0.0944049426591008	-0.0490799238076145
GSE125449	96	6	-0.0656506517850324	-0.0872019319269173
GSE125449	97	6	0.1828506344974317	0.3069532227360104
GSE125449	98	6	0.107673766322567	-0.0158789241742863
GSE125449	99	6	0.0669761441397657	-0.1075072061168765
GSE125449	100	6	0.2856458584102742	0.4432567318423145
GSE125449	101	6	-0.0167552529895558	-0.3683499191534739
GSE125449	102	6	0.1028578945228825	-0.0033335910913501
GSE125449	103	6	0.1506771808226482	0.163772003794559
GSE125449	104	6	0.1768101478357712	0.1282536053548769
GSE125449	105	6	-0.0104694613503732	-0.3180258702729293
GSE125449	106	6	0.0570051031320132	-0.2190608796671038
GSE125449	107	6	0.1524908198441964	-0.0683433752180238
GSE125449	108	6	0.0841306795197869	-0.0824387964421123
GSE125449	109	6	-0.0727177553186034	-0.3147727084039006
GSE125449	110	6	0.0984623214180307	-0.0631656403099086
GSE125449	111	6	0.2870482067777745	0.3597078064392161
GSE125449	112	6	0.1125900777969199	-0.2763802280880896
GSE125449	113	6	-0.0522473093961817	-0.1852420941836551
GSE125449	114	6	0.1528014199581697	0.1358730135528603
GSE125449	115	6	-0.2748605744790486	-0.6062245747928238
GSE125449	116	6	0.0975595448092495	0.0085104732831017
GSE125449	117	6	0.0250995308621328	-0.1712544303203687
GSE125449	118	6	0.0925475355942625	-0.0189584931295514
GSE125449	119	6	0.1590322858245127	0.2182927039647376
GSE125449	120	6	0.1077357377710538	0.1453971271413638
GSE125449	121	6	0.2705968295216061	0.3870935704887183
GSE125449	122	6	0.052582397863871	-0.0763337960594312
GSE125449	123	6	0.1492129484597055	0.1031106012802968
GSE125449	124	6	0.24682745584657	0.3048546445795627
GSE125449	125	6	0.2509475486046624	0.2564374167883607
GSE125449	126	6	0.1235612121450448	0.0013197980653895
GSE125449	127	6	0.0974712095716882	-0.0593598888844612
GSE125449	128	6	-0.1231501360774536	-0.0571107958845066
GSE125449	129	6	0.1752866967196973	0.1877395963286198
GSE125449	130	6	0.1150815403913621	0.1270602570285867
GSE125449	131	6	0.0620755698153734	-0.0893406639676607
GSE125449	132	6	0.027299987623372	-0.0118619577843221
GSE125449	133	6	0.0984940289376027	0.0909056536587734
GSE125449	134	6	0.1797606310004311	0.1043453387047912
GSE125449	135	6	0.0070390214447323	-0.2820920747008815
GSE125449	136	6	0.1370660035016356	0.1245675313667296
GSE125449	137	6	0.1728336069755672	0.0865799942072956
GSE125449	138	6	0.0751132749971946	0.1061606120693096
GSE125449	139	6	0.1314804702395052	0.1349557357660693
GSE125449	140	6	0.1302585517170018	0.0161819299520994
GSE125449	141	6	-0.0697706260637402	-0.195689891875288
GSE125449	142	6	0.1496625075764739	0.0461144680264201
GSE125449	143	6	0.2307979689472513	0.2850064098290003
GSE125449	144	6	0.1381451138010958	0.1079757664039152
GSE125449	145	6	0.0986867464339602	-0.1363582402708797
GSE125449	146	6	0.2147477761697544	0.2993936151510664
GSE125449	147	6	0.1060454626373152	-0.0084533804670899
GSE125449	148	6	0.1122159054899422	0.0249025719797833
GSE125449	149	6	0.0353046756717279	0.071044718996303
GSE125449	150	6	0.0175507792368571	-0.1838124071191194
GSE125449	151	6	0.1859339160615817	0.0672089956635633
GSE125449	152	6	0.1346183083195554	-0.0108896858709651
GSE125449	153	6	0.0519335627768085	-0.1764060456570186
GSE125449	154	6	0.0978483611619471	-0.0658104121472437
GSE125449	155	6	0.1970494060176617	0.0962200781897833
GSE125449	156	6	0.1530469567814306	0.0815698790368837
GSE125449	157	6	0.3020661268690218	0.4206127592164645
GSE125449	158	6	-0.0123071928296645	-0.2850968861880005
GSE125449	159	6	0.1277388182996866	0.1807165826786534
GSE125449	160	6	0.0693446844212799	-0.1034440794070797
GSE125449	161	6	0.1078671946285604	-0.0074264805786554
GSE125449	162	6	0.2618468028756753	0.3569100179168616
GSE125449	163	6	0.058596671487366	-0.0397349307613389
GSE125449	164	6	0.0589952595626796	-0.04730517110338
GSE125449	165	6	0.1706168088694445	0.1786518513702176
GSE125449	166	6	0.0315841785053333	-0.2347828100767628
GSE125449	167	6	0.1888896463353854	0.0403007579197071
GSE125449	168	6	0.1485442966106132	0.0303282002270538
GSE125449	169	6	0.1406941432176559	-0.0797601963564834
GSE125449	170	6	0.1120069074273721	-0.0778999808844307
GSE125449	171	6	0.098590600340655	-0.0873134573487724
GSE125449	172	6	0.1148484745628596	0.0821554508105498
GSE125449	173	6	0.1164059798301466	0.0103547075571323
GSE125449	174	6	0.1891889191594855	0.0371340177993225
GSE125449	175	6	0.0447220432861559	-0.1865959828887937
GSE125449	176	6	0.1377097021241403	-0.0209556594922281
GSE125449	177	6	0.2040282438086043	0.1457907763513383
GSE125449	178	6	0.1302255339527873	0.008650672893891
GSE125449	179	6	0.1777725519784833	0.1840390191773036
GSE125449	180	6	0.0421513650854315	-0.1555465442801734
GSE125449	181	6	0.1424127666041705	0.0226997205353884
GSE125449	182	6	0.0126142876574023	-0.1903695111074312
GSE125449	183	6	0.046216497829899	-0.0993629492825183
GSE125449	184	6	-0.0187506927486142	-0.2187039818855481
GSE125449	185	6	0.1680997021030617	-0.0078921954102421
GSE125449	186	6	0.1103416551210387	-0.2375507064281777
GSE125449	187	6	0.1988880388688843	0.201706131492353
GSE125449	188	6	-0.1164281890926784	-0.1735538747992681
GSE125449	189	6	0.0979574948197018	0.0798244648257894
GSE125449	190	6	0.1317561778110361	-0.1442250376302377
GSE125449	191	6	0.0306874892671161	-0.0281909046549664
GSE125449	192	6	0.0822870857391016	-0.1324033186466928
GSE125449	193	6	0.0893720466707268	-0.0870554036380357
GSE125449	194	6	0.3067043445914925	0.5782353894216429
GSE125449	195	6	0.1169886179427055	0.0917085568744831
GSE125449	196	6	0.1456056617148373	0.2097522737512056
GSE125449	197	6	0.174634114505163	0.1293630229099669
GSE125449	198	6	0.2204034449676873	0.2206792718385452
GSE125449	199	6	0.0816965853690588	-0.1291217460887904
GSE125449	200	6	0.1557837994512803	0.0055837550678994
GSE125449	201	6	0.1516713250193819	0.0782803750726392
GSE125449	202	6	0.0860466464701634	-0.0395031282934744
GSE125449	203	6	0.087141126278809	-0.0801613050603366
GSE125449	204	6	0.1016170954350581	-0.2069569610846172
GSE125449	205	6	0.0338964437504941	-0.0914623219574114
GSE125449	206	6	0.2027331397608255	0.1859524529378196
GSE125449	207	6	0.2152598743808119	0.3736197513974705
GSE125449	208	6	0.0157103086658737	-0.1750024395357045
GSE125449	209	6	0.015601174365825	-0.1722188781230701
GSE125449	210	6	0.1076359410067555	-0.00279904207828
GSE125449	211	6	0.197856265844701	-0.007131778216851
GSE125449	212	6	0.081529620913458	-0.0132203120066628
GSE125449	213	6	-0.039136484018213	-0.1776146263767535
GSE125449	214	6	0.1644421932761582	0.0206215087220394
GSE125449	215	6	0.2130260311766784	0.237491339914519
GSE125449	216	6	0.0971455267333977	-0.1784975790341683
GSE125449	217	6	0.1598934920895973	0.0188824226890005
GSE125449	218	6	0.1476924467552716	0.0314986311100826
GSE125449	219	6	0.1805823310794355	0.1804602062143858
GSE125449	220	6	0.0942413276971779	-0.1030359976538149
GSE125449	221	6	0.2086854951461968	0.1477402921253182
GSE125449	222	6	0.1829671693932615	0.1654144432481385
GSE125449	223	6	0.109040767680429	-0.0234003550822813
GSE125449	224	6	0.1251883854083081	0.0168869096466788
GSE125449	225	6	0.1179907944929167	0.0163232977496415
GSE125449	226	6	0.1887939324509305	0.0377906477080923
GSE125449	227	6	0.1013675396908433	-0.0973583651680916
GSE125449	228	6	0.046683834550991	0.0809234653718909
GSE125449	229	6	0.1089556923030517	-0.1022472836286665
GSE125449	230	6	0.0407848581744518	-0.0187972010941723
GSE125449	231	6	0.1357680516260259	-0.0125780629927055
GSE125449	232	6	0.2075802162453077	0.3200062318120972
GSE125449	233	6	0.0663569757719558	-0.1107122449181087
GSE125449	234	6	0.0531768620363059	-0.1690881607605431
GSE125449	235	6	0.1917650469002907	0.1076649648451882
GSE125449	236	6	0.0907044999279551	-0.0946079933916775
GSE125449	237	6	0.1359002291749584	0.0049351437414755
GSE125449	238	6	0.0457241877408956	-0.0152583456895252
GSE125449	239	6	0.1158485698605303	-0.0879022551757625
GSE125449	240	6	-0.0204223022739357	-0.3561056282165981
GSE125449	241	6	0.1671668318453079	0.1296944694325368
GSE125449	242	6	0.0089969572582237	-0.2628782789316611
GSE125449	243	6	0.105065452906841	-0.0758315085553906
GSE125449	244	6	0.0957198521933816	-0.0275784711009532
GSE125449	245	6	0.0005316506189592	-0.1290587689786616
GSE125449	246	6	0.0704023608281173	-0.0531505222597145
GSE125449	247	6	0.2583063756716041	0.1733748541206707
GSE125449	248	6	-0.1518722577402056	-0.2384887449494989
GSE125449	249	6	0.1027202731179379	-0.1058334076876588
GSE125449	250	6	0.0970306537124958	0.0443094902743296
GSE125449	251	6	-0.1316152470403214	-0.4368887711216848
GSE125449	252	6	0.0726935399908988	-0.0814924964704175
GSE125449	253	6	0.2551409098027311	0.2996096675464714
GSE125449	254	6	0.3076393396507575	0.4019967230722848
GSE125449	255	6	0.1699679259103212	0.0542466079651451
GSE125449	256	6	0.096604212811945	-0.0481747111440691
GSE125449	257	6	0.1977327251952646	0.1560941983572419
GSE125449	258	6	0.1059296514185815	-0.056438004950338
GSE125449	259	6	0.0483421698579768	-0.0194429547799519
GSE125449	260	6	0.223769743163826	0.2412131307937016
GSE125449	261	6	0.1308502082644506	0.0663411798662463
GSE125449	262	6	0.1071189222144103	-0.1625897867606949
GSE125449	263	6	0.096113729247904	0.0513934406480325
GSE125449	264	6	0.2031818577939733	0.1651937224853367
GSE125449	265	6	0.0810270953781807	0.0852636003689053
GSE125449	266	6	0.1226937412539115	-0.0329192621498133
GSE125449	267	6	0.1353330878102771	0.0231809861957717
GSE125449	268	6	0.1592439859434731	-0.1001531407792725
GSE125449	269	6	0.1876763075040598	0.152863693221255
GSE125449	270	6	0.1663558428778074	0.133907776243821
GSE125449	271	6	0.0848120448605313	-0.0672022411266225
GSE125449	272	6	0.1668751768243066	0.0624772793461045
GSE125449	273	6	0.1988206531521433	0.1957798504833876
GSE125449	274	6	0.1719489605020529	0.071234528781877
GSE125449	275	6	0.1640188879225931	0.1695659516881294
GSE125449	276	6	0.3395150691307059	0.547879623998095
GSE125449	277	6	0.100163158943099	-0.0567555531875524
GSE125449	278	6	0.02488816157191	-0.2620820061770434
GSE125449	279	6	0.1045588957086502	-0.0590658277303712
GSE125449	280	6	-0.0514585576416679	-0.240971037165927
GSE125449	281	6	0.1376345269227	0.1051026305297976
GSE125449	282	6	0.1536466457474064	-0.0959041421817758
GSE125449	283	6	0.0489957732068214	0.0340336035292153
GSE125449	284	6	0.090451847311804	0.2636761169843939
GSE125449	285	6	0.1943799520606888	0.1433174882760865
GSE125449	286	6	-0.0257571969461254	-0.1051399143192804
GSE125449	287	6	0.1307685922859918	-0.0279673333351456
GSE125449	288	6	0.0459623540056869	0.2516324795368253
GSE125449	289	6	0.0325191033799837	-0.14281847286225
GSE125449	290	6	0.146258508488143	0.0387094001744033
GSE125449	291	6	0.0686826618460397	0.0241435773479217
GSE125449	292	6	0.0396407256498179	-0.0472365314029133
GSE125449	293	6	0.101511097725425	-0.1113293764773687
GSE125449	294	6	0.037171655932882	-0.1402090979155696
GSE125449	295	6	-0.0063301509273407	-0.1243040077843045
GSE125449	296	6	0.1120907949341129	0.0232787798018234
GSE125449	297	6	0.1028357727733086	-0.1732885334265193
GSE125449	298	6	0.1444759803553413	0.1243354275649305
GSE125449	299	6	0.1813640914643018	0.1149412978467204
GSE125449	300	6	0.1608506345338236	-0.0033422597008761
GSE125449	301	6	0.0334759328073161	-0.148442994439594
GSE125449	302	6	0.1032972979555698	0.1034631241648813
GSE125449	303	6	0.2059612699185439	0.2502876416197141
GSE125449	304	6	0.1485575008714073	0.0678572466137085
GSE125449	305	6	0.1447343577998557	0.0050207039931185
GSE125449	306	6	0.1656960334904679	0.2605152707731755
GSE125449	307	6	0.050264224359147	-0.1614958463254409
GSE125449	308	6	0.2365033560511085	0.2841261608582788
GSE125449	309	6	0.071365697990674	-0.0466299094303925
GSE125449	310	6	0.0393685705991406	-0.0114811989570368
GSE125449	311	6	0.0933519315271363	-0.0659149069394481
GSE125449	312	6	0.2758453463857757	0.4316932615574825
GSE125449	313	6	0.1905718113189839	0.2654539399191159
GSE125449	314	6	0.2169864210767545	0.1653013180367367
GSE125449	315	6	0.2511885466098157	0.2916544843647546
GSE125449	316	6	0.3193716060259371	0.7685740751718949
GSE125449	317	6	0.1178185263900976	0.0315682654987953
GSE125449	318	6	0.1017864349455564	-0.1175688674267775
GSE125449	319	6	0.0707395685828841	-0.0189563916414686
GSE125449	320	6	0.1377790447998974	0.1072762679283716
GSE125449	321	6	0.1418326517223041	0.1736278222054277
GSE125449	322	6	0.2249335460165329	0.1450964293405387
GSE125449	323	6	0.1288447442693326	-0.0901403151226244
GSE125449	324	6	0.1630802569396051	0.1604384520345816
GSE125449	325	6	0.3025717617279363	0.413888853863478
GSE125449	326	6	0.0709629914242528	0.04046065382583
GSE125449	327	6	0.1918354680604658	0.1955464744855975
GSE125449	328	6	0.0728407691180422	-0.0625229345622421
GSE125449	329	6	0.1093019561505086	-0.0562007536200803
GSE125449	330	6	0.1511097027654385	0.0539487019117291
GSE125449	331	6	0.1163372220017903	-0.0243176329931622
GSE125449	332	6	0.2618751102466871	0.2781967138576275
GSE125449	333	6	0.1179847216692441	-0.0417552584049033
GSE125449	334	6	0.2736104730483072	0.364378339083737
GSE125449	335	6	0.0301516459645808	-0.2129971068495867
GSE125449	336	6	0.097605372675088	0.009829176976654
GSE125449	337	6	0.1516942044743199	-0.0877946561117032
GSE125449	338	6	0.1424672920325589	0.0644029409005267
GSE125449	339	6	0.0388869082240931	0.0545077455332664
GSE125449	340	6	0.0460433691269683	0.0368843182386231
GSE125449	341	6	0.2276199449778995	0.1969317431863443
GSE125449	342	6	0.2311648232753239	0.2516791967646817
GSE125449	343	6	0.0328250108041509	-0.0649961181210763
GSE125449	344	6	0.1044336038364265	-0.0202806150540783
GSE125449	345	6	0.0649683536135777	-0.2251872142405168
GSE125449	346	6	0.0491311161413332	-0.0219119192253487
GSE125449	347	6	0.1266797179266273	-0.005608987325418
GSE125449	348	6	0.1489756826609548	0.138259837268922
GSE125449	349	6	0.1524797698940158	-0.0094503614205373
GSE125449	350	6	0.0466650840305329	0.1530595924133964
GSE125449	351	6	0.1258612451032268	-0.0427724437572187
GSE125449	352	6	0.052168200116913	-0.2056727500558062
GSE125449	353	6	0.0515255322140223	-0.2161550403965804
GSE125449	354	6	0.213825003237091	0.2424967446592526
GSE125449	355	6	0.1186217036881801	-0.1885076148136463
GSE125449	356	6	0.1360650168734854	0.0158235539964692
GSE125449	357	6	0.1211503245518901	-0.0114906636258646
GSE125449	358	6	0.1948940230641986	0.1056026149961073
GSE125449	359	6	0.0080727894501592	-0.2529307186692607
GSE125449	360	6	0.0345959321887904	0.1191019108388017
GSE125449	361	6	-0.0638223573417674	-0.2746899032378834
GSE125449	362	6	0.1165098381911589	0.0689554539373193
GSE125449	363	6	0.0496799733148788	0.182284021376929
GSE125449	364	6	0.1017320555684168	-0.1891518900985895
GSE125449	365	6	-0.0271982374964755	-0.0406892737275709
GSE125449	366	6	0.1470142624441512	0.1085040327951015
GSE125449	367	6	0.1841036639386782	0.0423450157625929
GSE125449	368	6	0.0806001117258556	-0.0821611882531537
GSE125449	369	6	0.1142837251560773	0.1196709036188164
GSE125449	370	6	0.1744289859491968	0.0301527470779127
GSE125449	371	6	0.0603415302241525	0.2425479390459171
GSE125449	372	6	0.154540794035336	0.1385708492620736
GSE125449	373	6	0.2099904620469792	0.0687699636290126
GSE125449	374	6	0.0557964073483538	-0.067760267257113
GSE125449	375	6	0.1081599424880996	-0.1092342839372911
GSE125449	376	6	-0.1958414066006474	-0.5369264621303135
GSE125449	377	6	0.1512601992566156	0.1879254096513502
GSE125449	378	6	0.0399603097907176	-0.2135807146517806
GSE125449	379	6	-0.1008944858894336	-0.0132583004705948
GSE125449	380	6	0.1507356296565866	-0.0255641267353568
GSE125449	381	6	0.1501091093928934	0.0422867393075378
GSE125449	382	6	0.1092949033542573	0.1068613802506047
GSE125449	383	6	0.0519441222836939	-0.1803385508305681
GSE125449	384	6	0.0811350808481338	-0.0547313610377096
GSE125449	385	6	0.1854904820051285	0.1133147420535917
GSE125449	386	6	0.1701555687675472	0.1608693803557112
GSE125449	387	6	0.3460733272789741	0.5288386872157299
GSE125449	388	6	-0.1671414125511528	-0.1802872744301152
GSE125449	389	6	0.114082942785298	-0.1205289394629147
GSE125449	390	6	0.221908763096736	0.2827234509160877
GSE125449	391	6	0.0966484036255812	-0.0851176127593121
GSE125449	392	6	0.1246292205269493	0.1584403938259514
GSE125449	393	6	0.0981842706705451	-0.028007114655675
GSE125449	394	6	0.0854020363437973	-0.0010789476615686
GSE125449	395	6	0.0444684274201979	0.0182486100482155
GSE125449	396	6	0.2166848412697304	0.1593865961332955
GSE125449	397	6	0.095275108157134	-0.0283950228103325
GSE125449	398	6	0.0756810195809625	-0.0012683740501024
GSE125449	399	6	0.0237721436510454	-0.058543540165443
GSE125449	400	6	0.1638734202905166	0.0879261819006835
GSE125449	401	6	0.0995554927893431	0.2299613274386007
GSE125449	402	6	0.1856985775126911	0.1973626631527647
GSE125449	403	6	0.2532553875030103	0.2974021743692032
GSE125449	404	6	-0.160524812615929	-0.3597252902828454
GSE125449	405	6	0.1301835761196773	-0.0844072600023171
GSE125449	406	6	0.0046215609836123	-0.20354146681383
GSE125449	407	6	0.1234156168512873	-0.0267424373140492
GSE125449	408	6	0.0282854735231441	-0.0521139174063301
GSE125449	409	6	0.2476748639426916	0.1045752540630529
GSE125449	410	6	0.0851090872651267	-0.0335698837164204
GSE125449	411	6	0.1041225849800456	0.0219206098950277
GSE125449	412	6	-0.0799843305576097	-0.2315899927253277
GSE125449	413	6	0.1122882755143735	-0.030577066281518
GSE125449	414	6	0.0674706341426691	0.0826733424057372
GSE125449	415	6	0.1677196340295388	0.0091706495508767
GSE125449	416	6	0.0667305070531929	-0.0275236744055643
GSE125449	417	6	0.2372008155039517	0.3495751993881737
GSE125449	418	6	0.1336873340570713	0.0226548165749765
GSE125449	419	6	0.151414521625286	0.1055401872923641
GSE125449	420	6	0.1071982775731884	0.3345737609837796
GSE125449	421	6	0.0387068029943321	0.0368349792922837
GSE125449	422	6	0.0738706579075496	-0.1539470006116172
GSE125449	423	6	-0.1678163718079497	-0.5280334629933976
GSE125449	424	6	0.1371719500830482	0.0898004014370572
GSE125449	425	6	0.3048237769944392	0.3822481552652428
GSE125449	426	6	0.1532267530939172	0.0313461472683519
GSE125449	427	6	-0.0101041334044331	-0.3046505825552967
GSE125449	428	6	0.3071418928392117	0.4367765218709275
GSE125449	429	6	0.0930376429129394	-0.1023304748185975
GSE125449	430	6	-0.0337480641048808	0.0634201506288515
GSE125449	431	6	0.0882850465351068	0.016189737845463
GSE125449	432	6	0.1819408656556705	0.1372936881790872
GSE125449	433	6	0.0953463272217228	-0.1335149379732105
GSE125449	434	6	0.1103990036027208	0.0539796357505248
GSE125449	435	6	0.0435540935733178	-0.1062234715551176
GSE125449	436	6	0.1342184121212073	0.0438336451407924
GSE125449	437	6	0.1247305433215381	0.0748875092472797
GSE125449	438	6	0.0654383255879064	-0.0014690376103494
GSE125449	439	6	0.1161261483958806	-0.1988891553887959
GSE125449	440	6	0.1609951327498216	0.1169513629522845
GSE125449	441	6	0.3194944834412342	0.3318363265337923
GSE125449	442	6	0.1568681671869867	0.107892321716092
GSE125449	443	6	0.086386722900927	-0.217334665431344
GSE125449	444	6	0.0716505110215553	-0.0014868323421186
GSE125449	445	6	0.1866546260258299	0.2666003658600098
GSE125449	446	6	0.0751851996867942	-0.1773626253179542
GSE125449	447	6	0.0235152288627196	-0.1381193013726158
GSE125449	448	6	0.0924125487125521	-0.0688309493723076
GSE125449	449	6	0.1949618279379176	0.207092203828386
GSE125449	450	6	0.117792339257725	-0.0855415554885045
GSE125449	451	6	0.0158547542913183	-0.1981609276573463
GSE125449	452	6	0.1480839203862103	0.0305416105336323
GSE125449	453	6	0.1233527097848553	0.0934676827196894
GSE125449	454	6	0.110856259676303	0.035977760525796
GSE125449	455	6	0.2252572250612728	0.2350715131463423
GSE125449	456	6	0.1349600513125014	0.1268883241709257
GSE125449	457	6	0.1295992821844351	-0.026176999673422
GSE125449	458	6	0.1824886194496511	0.2137835557393621
GSE125449	459	6	0.1044659029146722	0.0359137313960703
GSE125449	460	6	0.2355014001960712	0.0739896137259725
GSE125449	461	6	0.1449751604876063	-0.0493374463547348
GSE125449	462	6	0.1386657102627896	-0.0183505914045736
GSE125449	463	6	0.1886024183914773	0.0774378584306446
GSE125449	464	6	0.1707969374317626	-0.043117864717179
GSE125449	465	6	0.2539114900499324	0.322247480863418
GSE125449	466	6	0.1319029372301909	0.0054317026758702
GSE125449	467	6	0.1369569759055035	0.058829240693719
GSE125449	468	6	0.2710414439688001	0.2989359629886702
GSE125449	469	6	0.1058372487698793	-0.0514066389961872
GSE125449	470	6	0.2189153620501169	0.2507472153354245
GSE125449	471	6	0.271737514669256	0.4005708245576296
GSE125449	472	6	0.0173066669483778	-0.1531817452972769
GSE125449	473	6	0.1211259981419716	0.0522689533879678
GSE125449	474	6	0.0425973209521967	0.0560243319137787
GSE125449	475	6	0.0903207426374483	0.1077812088086354
GSE125449	476	6	0.1143261926012452	0.1675267365910996
GSE125449	477	6	0.1405414856008475	-0.0813545371801805
GSE125449	478	6	0.1319198406222608	-0.0166559371723925
GSE125449	479	6	-0.041449989778523	-0.2974819131194564
GSE125449	480	6	0.1194214376477846	-0.1111845261871334
GSE125449	481	6	-0.0338533054486109	-0.2466687187308902
GSE125449	482	6	0.103593787153331	-0.1365480180960091
GSE125449	483	6	0.1026976802984848	0.0133969199585284
GSE125449	484	6	0.1721395558116006	0.164172337951834
GSE125449	485	6	0.3562727903054605	0.6508403808286921
GSE125449	486	6	0.1384550916978452	-0.0852976371489103
GSE125449	487	6	0.1266606000609451	-0.0039528022707675
GSE125449	488	6	0.1753487735198372	0.2099843990365962
GSE125449	489	6	0.1063873018072887	-0.045390716936127
GSE125449	490	6	0.1673566116927333	0.09031104484807
GSE125449	491	6	0.0469796897862309	-0.0256222343916845
GSE125449	492	6	0.151360792683809	-0.0258284884955616
GSE125449	493	6	0.1158499762272243	0.061807762293614
GSE125449	494	6	0.0288649184920866	0.0846926389020227
GSE125449	495	6	0.1707941816170144	0.1097918325769072
GSE125449	496	6	0.1276312098940604	-0.1325939053505398
GSE125449	497	6	0.1326446430570234	0.1328834514426727
GSE125449	498	6	0.1767147710063543	0.0128883258374547
GSE125449	499	6	0.0365778414988602	-0.1158366424638647
GSE125449	500	6	0.1329627076401829	0.0624543689481793
