patient_id	n_VM_high	n_VM_low	effect	ci_low	ci_high	direction	cohort	omitted_anchor	retained_anchors
ICC_18	62	4288	1.9351012657919997	1.6810442039566371	2.1891583276273616	positive	GSE138709	CDH5	EPHA2|MCAM|MMP2|MMP9|LAMC2
ICC_20	8	2268	3.7863893115432408	3.0831739149158506	4.489604708170631	positive	GSE138709	CDH5	EPHA2|MCAM|MMP2|MMP9|LAMC2
ICC_23	117	2570	3.1954921833405416	2.99136014607893	3.399624220602153	positive	GSE138709	CDH5	EPHA2|MCAM|MMP2|MMP9|LAMC2
ICC_24	248	2886	1.050202865806032	0.9178747447831274	1.1825309868289366	positive	GSE138709	CDH5	EPHA2|MCAM|MMP2|MMP9|LAMC2
ICC_18	62	4288	0.4190128334368975	0.1680796022921349	0.6699460645816601	positive	GSE138709	EPHA2	CDH5|MCAM|MMP2|MMP9|LAMC2
ICC_20	8	2268	2.014446331856533	1.317437924701788	2.7114547390112778	positive	GSE138709	EPHA2	CDH5|MCAM|MMP2|MMP9|LAMC2
ICC_23	117	2570	3.4381587068136104	3.231222770530148	3.6450946430970728	positive	GSE138709	EPHA2	CDH5|MCAM|MMP2|MMP9|LAMC2
ICC_24	248	2886	0.0648957228563239	-0.064859481802975	0.194650927515623	positive	GSE138709	EPHA2	CDH5|MCAM|MMP2|MMP9|LAMC2
ICC_18	62	4288	1.945620002542116	1.691527434612752	2.1997125704714806	positive	GSE138709	MCAM	CDH5|EPHA2|MMP2|MMP9|LAMC2
ICC_20	8	2268	2.099797319294138	1.4025759500171835	2.797018688571092	positive	GSE138709	MCAM	CDH5|EPHA2|MMP2|MMP9|LAMC2
ICC_23	117	2570	0.3881861932262716	0.2025344352111337	0.5738379512414096	positive	GSE138709	MCAM	CDH5|EPHA2|MMP2|MMP9|LAMC2
ICC_24	248	2886	1.0175231864010046	0.885351858200469	1.1496945146015405	positive	GSE138709	MCAM	CDH5|EPHA2|MMP2|MMP9|LAMC2
ICC_18	62	4288	1.9573710794827657	1.7032386239760684	2.211503534989463	positive	GSE138709	MMP2	CDH5|EPHA2|MCAM|MMP9|LAMC2
ICC_20	8	2268	3.7879705921275466	3.084747994837787	4.491193189417306	positive	GSE138709	MMP2	CDH5|EPHA2|MCAM|MMP9|LAMC2
ICC_23	117	2570	3.183149230778165	2.9791553166963545	3.387143144859975	positive	GSE138709	MMP2	CDH5|EPHA2|MCAM|MMP9|LAMC2
ICC_24	248	2886	1.4232992802904216	1.2888481034883157	1.5577504570925278	positive	GSE138709	MMP2	CDH5|EPHA2|MCAM|MMP9|LAMC2
ICC_18	62	4288	1.97323613353624	1.7190494550697273	2.2274228120027524	positive	GSE138709	MMP9	CDH5|EPHA2|MCAM|MMP2|LAMC2
ICC_20	8	2268	3.79665852468806	3.093396312923157	4.499920736452963	positive	GSE138709	MMP9	CDH5|EPHA2|MCAM|MMP2|LAMC2
ICC_23	117	2570	3.206042922041911	3.0017924679545183	3.4102933761293035	positive	GSE138709	MMP9	CDH5|EPHA2|MCAM|MMP2|LAMC2
ICC_24	248	2886	1.0726731103813705	0.9402344163735852	1.205111804389155	positive	GSE138709	MMP9	CDH5|EPHA2|MCAM|MMP2|LAMC2
ICC_18	62	4288	2.9931166629582067	2.734563735704156	3.251669590212257	positive	GSE138709	LAMC2	CDH5|EPHA2|MCAM|MMP2|MMP9
ICC_20	8	2268	5.592989442135654	4.879659559637686	6.3063193246336215	positive	GSE138709	LAMC2	CDH5|EPHA2|MCAM|MMP2|MMP9
ICC_23	117	2570	3.2314016854299434	3.0268653023433827	3.435938068516504	positive	GSE138709	LAMC2	CDH5|EPHA2|MCAM|MMP2|MMP9
ICC_24	248	2886	1.2859655333126874	1.1523662638389838	1.419564802786391	positive	GSE138709	LAMC2	CDH5|EPHA2|MCAM|MMP2|MMP9
GSE125449_C25	19	137	2.998383867383323	2.408641441451325	3.588126293315321	positive	GSE125449	CDH5	EPHA2|MCAM|MMP2|MMP9|LAMC2
GSE125449_C26	13	162	2.592405862024506	1.960430528176707	3.2243811958723048	positive	GSE125449	CDH5	EPHA2|MCAM|MMP2|MMP9|LAMC2
GSE125449_C29	3	56	2.04267281726798	0.7956794185776346	3.2896662159583245	positive	GSE125449	CDH5	EPHA2|MCAM|MMP2|MMP9|LAMC2
GSE125449_C35	1	10				zero	GSE125449	CDH5	EPHA2|MCAM|MMP2|MMP9|LAMC2
GSE125449_C39	7	55	3.667178320947847	2.6218293621175537	4.71252727977814	positive	GSE125449	CDH5	EPHA2|MCAM|MMP2|MMP9|LAMC2
GSE125449_C42	0	36				not_estimable	GSE125449	CDH5	EPHA2|MCAM|MMP2|MMP9|LAMC2
GSE125449_C46	154	323	2.589266675891768	2.335742482105288	2.842790869678248	positive	GSE125449	CDH5	EPHA2|MCAM|MMP2|MMP9|LAMC2
GSE125449_C56	2	83	6.660257372991149	4.904476436355469	8.41603830962683	positive	GSE125449	CDH5	EPHA2|MCAM|MMP2|MMP9|LAMC2
GSE125449_C60	3	41	3.0526783026812057	1.6711216099419628	4.434234995420448	positive	GSE125449	CDH5	EPHA2|MCAM|MMP2|MMP9|LAMC2
GSE125449_C66	79	704	4.087610556653448	3.778628259866208	4.396592853440687	positive	GSE125449	CDH5	EPHA2|MCAM|MMP2|MMP9|LAMC2
GSE125449_C25	19	137	2.92504551040136	2.3399883987216743	3.510102622081045	positive	GSE125449	EPHA2	CDH5|MCAM|MMP2|MMP9|LAMC2
GSE125449_C26	13	162	2.5696550526237805	1.9387267685965728	3.200583336650988	positive	GSE125449	EPHA2	CDH5|MCAM|MMP2|MMP9|LAMC2
GSE125449_C29	3	56	2.021462759349044	0.7756856949974023	3.2672398237006863	positive	GSE125449	EPHA2	CDH5|MCAM|MMP2|MMP9|LAMC2
GSE125449_C35	1	10				zero	GSE125449	EPHA2	CDH5|MCAM|MMP2|MMP9|LAMC2
GSE125449_C39	7	55	2.8617201548962696	1.9039047153039736	3.8195355944885656	positive	GSE125449	EPHA2	CDH5|MCAM|MMP2|MMP9|LAMC2
GSE125449_C42	0	36				not_estimable	GSE125449	EPHA2	CDH5|MCAM|MMP2|MMP9|LAMC2
GSE125449_C46	154	323	2.2369257327574306	1.997419425567225	2.476432039947636	positive	GSE125449	EPHA2	CDH5|MCAM|MMP2|MMP9|LAMC2
GSE125449_C56	2	83	3.988346732673956	2.4376302252002557	5.539063240147656	positive	GSE125449	EPHA2	CDH5|MCAM|MMP2|MMP9|LAMC2
GSE125449_C60	3	41	3.4788934657664523	2.04932316555465	4.908463765978254	positive	GSE125449	EPHA2	CDH5|MCAM|MMP2|MMP9|LAMC2
GSE125449_C66	79	704	3.0697402659718978	2.791356320598372	3.348124211345424	positive	GSE125449	EPHA2	CDH5|MCAM|MMP2|MMP9|LAMC2
GSE125449_C25	19	137	2.885688027270308	2.3031126208324104	3.468263433708205	positive	GSE125449	MCAM	CDH5|EPHA2|MMP2|MMP9|LAMC2
GSE125449_C26	13	162	2.657969893640736	2.0229354599559586	3.2930043273255127	positive	GSE125449	MCAM	CDH5|EPHA2|MMP2|MMP9|LAMC2
GSE125449_C29	3	56	3.142699765257636	1.8176984923959747	4.467701038119297	positive	GSE125449	MCAM	CDH5|EPHA2|MMP2|MMP9|LAMC2
GSE125449_C35	1	10				zero	GSE125449	MCAM	CDH5|EPHA2|MMP2|MMP9|LAMC2
GSE125449_C39	7	55	3.649433371557426	2.606157093069661	4.692709650045191	positive	GSE125449	MCAM	CDH5|EPHA2|MMP2|MMP9|LAMC2
GSE125449_C42	0	36				not_estimable	GSE125449	MCAM	CDH5|EPHA2|MMP2|MMP9|LAMC2
GSE125449_C46	154	323	2.5946124455476225	2.340866220485021	2.848358670610224	positive	GSE125449	MCAM	CDH5|EPHA2|MMP2|MMP9|LAMC2
GSE125449_C56	2	83	3.642924759426453	2.112597107853567	5.173252410999339	positive	GSE125449	MCAM	CDH5|EPHA2|MMP2|MMP9|LAMC2
GSE125449_C60	3	41	3.0526783026812057	1.6711216099419628	4.434234995420448	positive	GSE125449	MCAM	CDH5|EPHA2|MMP2|MMP9|LAMC2
GSE125449_C66	79	704	4.112695200928398	3.802892815672122	4.422497586184674	positive	GSE125449	MCAM	CDH5|EPHA2|MMP2|MMP9|LAMC2
GSE125449_C25	19	137	2.998383867383323	2.408641441451325	3.588126293315321	positive	GSE125449	MMP2	CDH5|EPHA2|MCAM|MMP9|LAMC2
GSE125449_C26	13	162	2.592405862024506	1.960430528176707	3.2243811958723048	positive	GSE125449	MMP2	CDH5|EPHA2|MCAM|MMP9|LAMC2
GSE125449_C29	3	56	2.819723695931391	1.520534504396825	4.118912887465957	positive	GSE125449	MMP2	CDH5|EPHA2|MCAM|MMP9|LAMC2
GSE125449_C35	1	10				zero	GSE125449	MMP2	CDH5|EPHA2|MCAM|MMP9|LAMC2
GSE125449_C39	7	55	3.755770835786176	2.699986025439552	4.811555646132801	positive	GSE125449	MMP2	CDH5|EPHA2|MCAM|MMP9|LAMC2
GSE125449_C42	0	36				not_estimable	GSE125449	MMP2	CDH5|EPHA2|MCAM|MMP9|LAMC2
GSE125449_C46	154	323	2.581546866167533	2.3283428411517724	2.834750891183294	positive	GSE125449	MMP2	CDH5|EPHA2|MCAM|MMP9|LAMC2
GSE125449_C56	2	83	6.660257372991149	4.904476436355469	8.41603830962683	positive	GSE125449	MMP2	CDH5|EPHA2|MCAM|MMP9|LAMC2
GSE125449_C60	3	41	3.0526783026812057	1.6711216099419628	4.434234995420448	positive	GSE125449	MMP2	CDH5|EPHA2|MCAM|MMP9|LAMC2
GSE125449_C66	79	704	4.243917000652893	3.929778953812593	4.558055047493192	positive	GSE125449	MMP2	CDH5|EPHA2|MCAM|MMP9|LAMC2
GSE125449_C25	19	137	2.9513427948094257	2.364614702251693	3.5380708873671587	positive	GSE125449	MMP9	CDH5|EPHA2|MCAM|MMP2|LAMC2
GSE125449_C26	13	162	2.592405862024506	1.960430528176707	3.2243811958723048	positive	GSE125449	MMP9	CDH5|EPHA2|MCAM|MMP2|LAMC2
GSE125449_C29	3	56	2.6763449219749904	1.3878673187248096	3.964822525225171	positive	GSE125449	MMP9	CDH5|EPHA2|MCAM|MMP2|LAMC2
GSE125449_C35	1	10				zero	GSE125449	MMP9	CDH5|EPHA2|MCAM|MMP2|LAMC2
GSE125449_C39	7	55	4.044003356975729	2.953296168175136	5.134710545776322	positive	GSE125449	MMP9	CDH5|EPHA2|MCAM|MMP2|LAMC2
GSE125449_C42	0	36				not_estimable	GSE125449	MMP9	CDH5|EPHA2|MCAM|MMP2|LAMC2
GSE125449_C46	154	323	2.589266675891768	2.335742482105288	2.842790869678248	positive	GSE125449	MMP9	CDH5|EPHA2|MCAM|MMP2|LAMC2
GSE125449_C56	2	83	6.660257372991149	4.904476436355469	8.41603830962683	positive	GSE125449	MMP9	CDH5|EPHA2|MCAM|MMP2|LAMC2
GSE125449_C60	3	41	3.0526783026812057	1.6711216099419628	4.434234995420448	positive	GSE125449	MMP9	CDH5|EPHA2|MCAM|MMP2|LAMC2
GSE125449_C66	79	704	4.087610556653448	3.778628259866208	4.396592853440687	positive	GSE125449	MMP9	CDH5|EPHA2|MCAM|MMP2|LAMC2
GSE125449_C25	19	137	1.3671218865074677	0.859613263671449	1.8746305093434863	positive	GSE125449	LAMC2	CDH5|EPHA2|MCAM|MMP2|MMP9
GSE125449_C26	13	162	0.8894145985350765	0.312673979486666	1.466155217583487	positive	GSE125449	LAMC2	CDH5|EPHA2|MCAM|MMP2|MMP9
GSE125449_C29	3	56	2.044874088446057	0.797753794534865	3.2919943823572497	positive	GSE125449	LAMC2	CDH5|EPHA2|MCAM|MMP2|MMP9
GSE125449_C35	1	10				zero	GSE125449	LAMC2	CDH5|EPHA2|MCAM|MMP2|MMP9
GSE125449_C39	7	55	0.9575925427401611	0.1360556159370732	1.779129469543249	positive	GSE125449	LAMC2	CDH5|EPHA2|MCAM|MMP2|MMP9
GSE125449_C42	0	36				not_estimable	GSE125449	LAMC2	CDH5|EPHA2|MCAM|MMP2|MMP9
GSE125449_C46	154	323	1.0548491254028554	0.8510147604801154	1.2586834903255957	positive	GSE125449	LAMC2	CDH5|EPHA2|MCAM|MMP2|MMP9
GSE125449_C56	2	83	8.786884798720113	6.820765384129361	10.753004213310865	positive	GSE125449	LAMC2	CDH5|EPHA2|MCAM|MMP2|MMP9
GSE125449_C60	3	41	0.511472046412043	-0.700785292685804	1.72372938550989	positive	GSE125449	LAMC2	CDH5|EPHA2|MCAM|MMP2|MMP9
GSE125449_C66	79	704	1.4699538288584564	1.225861190262505	1.7140464674544078	positive	GSE125449	LAMC2	CDH5|EPHA2|MCAM|MMP2|MMP9
