cohort	omitted_anchor	retained_anchors	genes_present	spearman_with_full_anchor_score	standardized_difference_VM_high_vs_low	hedges_g_VM_high_vs_low	hedges_g_ci95_low	hedges_g_ci95_high	estimable_patients	positive_patient_effects	top_decile_VM_high_recall
GSE138709	CDH5	EPHA2|MCAM|MMP2|MMP9|LAMC2	5	0.99907919455148	1.6774775657604262	1.677376470264388	1.5794640153814603	1.7752889251473158	4	4	0.1678714859437751
GSE138709	EPHA2	CDH5|MCAM|MMP2|MMP9|LAMC2	5	0.9004139601569323	0.8948707213230529	0.894816790706448	0.7985041572235908	0.9911294241893052	4	4	0.1028112449799196
GSE138709	MCAM	CDH5|EPHA2|MMP2|MMP9|LAMC2	5	0.9402894722516526	1.229552267144478	1.229478166483528	1.1325974862442263	1.326358846722829	4	4	0.1614457831325301
GSE138709	MMP2	CDH5|EPHA2|MCAM|MMP9|LAMC2	5	0.9370080130517042	1.8887330137485516	1.8886191866519595	1.790114707661281	1.9871236656426383	4	4	0.1847389558232931
GSE138709	MMP9	CDH5|EPHA2|MCAM|MMP2|LAMC2	5	0.9982163649622438	1.69897047496915	1.698868084173334	1.6008984466825062	1.796837721664162	4	4	0.1686746987951807
GSE138709	LAMC2	CDH5|EPHA2|MCAM|MMP2|MMP9	5	0.8198592270928372	2.2621454140491406	2.262009082739911	2.162297641644757	2.3617205238350647	4	4	0.242570281124498
GSE125449	CDH5	EPHA2|MCAM|MMP2|MMP9|LAMC2	5	0.9991143686444056	3.2847641940936123	3.2834577785318624	3.118911470245078	3.448004086818646	8	8	0.8941798941798942
GSE125449	EPHA2	CDH5|MCAM|MMP2|MMP9|LAMC2	5	0.9123345055539054	2.7143343573058005	2.713254812950515	2.559668662886484	2.8668409630145457	8	8	0.8571428571428571
GSE125449	MCAM	CDH5|EPHA2|MMP2|MMP9|LAMC2	5	0.9823027988948936	3.360128756682195	3.3587923671461954	3.192702789412084	3.524881944880307	8	8	0.9047619047619048
GSE125449	MMP2	CDH5|EPHA2|MCAM|MMP9|LAMC2	5	0.9951035702263652	3.320787983508068	3.3194672405741525	3.154185829708551	3.484748651439754	8	8	0.91005291005291
GSE125449	MMP9	CDH5|EPHA2|MCAM|MMP2|LAMC2	5	0.9965270459226304	3.297382531285149	3.29607109716161	3.1312678385528434	3.4608743557703763	8	8	0.8888888888888888
GSE125449	LAMC2	CDH5|EPHA2|MCAM|MMP2|MMP9	5	0.6508972107797683	1.3380369780574422	1.3375048143382091	1.2036916554840933	1.4713179731923254	8	8	0.5555555555555556
