patient_id	malignant_epithelial_cells	vm_triple_consensus_cells	vm_triple_consensus_fraction	cohort
ICC_18	4350	74	0.017011494252873564	GSE138709
ICC_20	2276	10	0.004393673110720563	GSE138709
ICC_23	2687	124	0.04614812058057313	GSE138709
ICC_24	3134	289	0.09221442246330568	GSE138709
GSE181878_patient_1	2840	228	0.08028169014084507	GSE181878
GSE125449_C25	156	20	0.1282051282051282	GSE125449
GSE125449_C26	175	13	0.07428571428571429	GSE125449
GSE125449_C29	59	4	0.06779661016949153	GSE125449
GSE125449_C35	11	1	0.09090909090909091	GSE125449
GSE125449_C39	62	8	0.12903225806451613	GSE125449
GSE125449_C42	36	0	0.0	GSE125449
GSE125449_C46	477	158	0.3312368972746331	GSE125449
GSE125449_C56	85	2	0.023529411764705882	GSE125449
GSE125449_C60	44	4	0.09090909090909091	GSE125449
GSE125449_C66	783	84	0.10727969348659004	GSE125449
