patient_id	operational_malignant_epithelial_cells	triple_consensus_cells	VM_high_candidate_cells	triple_consensus_fraction	cohort
ICC_20	2276	10	8	0.004393673110720563	GSE138709
ICC_18	4350	74	62	0.017011494252873564	GSE138709
ICC_23	2687	124	117	0.04614812058057313	GSE138709
ICC_24	3134	289	248	0.09221442246330568	GSE138709
GSE181878_patient_1	2840	228	220	0.08028169014084507	GSE181878
GSE125449_C42	36	0	0	0.0	GSE125449
GSE125449_C56	85	2	2	0.023529411764705882	GSE125449
GSE125449_C29	59	4	3	0.06779661016949153	GSE125449
GSE125449_C26	175	13	13	0.07428571428571429	GSE125449
GSE125449_C35	11	1	1	0.09090909090909091	GSE125449
GSE125449_C60	44	4	3	0.09090909090909091	GSE125449
GSE125449_C66	783	84	79	0.10727969348659004	GSE125449
GSE125449_C25	156	20	19	0.1282051282051282	GSE125449
GSE125449_C39	62	8	7	0.12903225806451613	GSE125449
GSE125449_C46	477	158	154	0.3312368972746331	GSE125449
