signature_group	group_members	reference_state_restricted_members	reference_source_states	n_restricted_members_audited	n_members_with_external_state_restricted_source_RNA	externally_consistent_members	externally_consistent_source_states	external_pseudobulk_group_status	group_size	discovery_zscore	discovery_pvalue	discovery_FDR	external_zscore	external_pvalue	external_FDR	positive_direction_both	signature_permutation_p_lt_0_05_both	cross_cohort_signature_candidate	mean_zscore	minimum_zscore	rank_by_minimum_zscore	evidence_scope	candidate_selection_note	display
SecAct_group_604	TGFA	TGFA	C1QC_TAM_stress_associated	1	1	TGFA	C1QC_TAM_stress_associated	has_externally_consistent_source_RNA_member	1	21.3168256903149	0.0009990009990009	0.0013914656771798	17.6998672673708	0.0009990009990009	0.0013030447813055	True	True	True	19.50834647884285	17.6998672673708	5	receiver activity signature + source-state RNA compatibility; not a demonstrated ligand-receptor axis	No composite score or automated biological winner is assigned; rows are retained for human review.	TGFA
SecAct_group_033	ADAMTSL4|CCL2|CSF1|MMP19	CCL2;MMP19	C1QC_TAM_stress_associated	2	1	CCL2	C1QC_TAM_stress_associated	has_externally_consistent_source_RNA_member	4	17.2003004774343	0.0009990009990009	0.0013914656771798	16.9671498997765	0.0009990009990009	0.0013030447813055	True	True	True	17.0837251886054	16.9671498997765	7	receiver activity signature + source-state RNA compatibility; not a demonstrated ligand-receptor axis	No composite score or automated biological winner is assigned; rows are retained for human review.	ADAMTSL4; CCL2; CSF1; MMP19
SecAct_group_483	NRG1	NRG1	IL1B_CCL3_inflammatory_monocyte_like	1	1	NRG1	IL1B_CCL3_inflammatory_monocyte_like	has_externally_consistent_source_RNA_member	1	14.8288328443281	0.0009990009990009	0.0013914656771798	15.0066375756683	0.0009990009990009	0.0013030447813055	True	True	True	14.9177352099982	14.8288328443281	20	receiver activity signature + source-state RNA compatibility; not a demonstrated ligand-receptor axis	No composite score or automated biological winner is assigned; rows are retained for human review.	NRG1
SecAct_group_281	EREG	EREG	IL1B_CCL3_inflammatory_monocyte_like	1	1	EREG	IL1B_CCL3_inflammatory_monocyte_like	has_externally_consistent_source_RNA_member	1	16.9807084487602	0.0009990009990009	0.0013914656771798	13.5368522240752	0.0009990009990009	0.0013030447813055	True	True	True	15.2587803364177	13.5368522240752	23	receiver activity signature + source-state RNA compatibility; not a demonstrated ligand-receptor axis	No composite score or automated biological winner is assigned; rows are retained for human review.	EREG
SecAct_group_402	LAMC1|PDGFA	PDGFA	C1QC_TAM_stress_associated	1	1	PDGFA	C1QC_TAM_stress_associated	has_externally_consistent_source_RNA_member	2	13.2522955740166	0.0009990009990009	0.0013914656771798	22.3973887942009	0.0009990009990009	0.0013030447813055	True	True	True	17.82484218410875	13.2522955740166	25	receiver activity signature + source-state RNA compatibility; not a demonstrated ligand-receptor axis	No composite score or automated biological winner is assigned; rows are retained for human review.	LAMC1; PDGFA
SecAct_group_368	IL1A	IL1A	IL1B_CCL3_inflammatory_monocyte_like	1	1	IL1A	IL1B_CCL3_inflammatory_monocyte_like	has_externally_consistent_source_RNA_member	1	12.7718256565433	0.0009990009990009	0.0013914656771798	14.4674017806404	0.0009990009990009	0.0013030447813055	True	True	True	13.61961371859185	12.7718256565433	30	receiver activity signature + source-state RNA compatibility; not a demonstrated ligand-receptor axis	No composite score or automated biological winner is assigned; rows are retained for human review.	IL1A
SecAct_group_017	ADAM9	ADAM9	C1QC_TAM_stress_associated	1	1	ADAM9	C1QC_TAM_stress_associated	has_externally_consistent_source_RNA_member	1	12.4447606196597	0.0009990009990009	0.0013914656771798	14.9918593764507	0.0009990009990009	0.0013030447813055	True	True	True	13.7183099980552	12.4447606196597	34	receiver activity signature + source-state RNA compatibility; not a demonstrated ligand-receptor axis	No composite score or automated biological winner is assigned; rows are retained for human review.	ADAM9
SecAct_group_228	CST6	CST6	C1QC_TAM_stress_associated	1	1	CST6	C1QC_TAM_stress_associated	has_externally_consistent_source_RNA_member	1	12.432609063534	0.0009990009990009	0.0013914656771798	16.3176265095446	0.0009990009990009	0.0013030447813055	True	True	True	14.3751177865393	12.432609063534	35	receiver activity signature + source-state RNA compatibility; not a demonstrated ligand-receptor axis	No composite score or automated biological winner is assigned; rows are retained for human review.	CST6
SecAct_group_369	IL1B	IL1B	IL1B_CCL3_inflammatory_monocyte_like	1	1	IL1B	IL1B_CCL3_inflammatory_monocyte_like	has_externally_consistent_source_RNA_member	1	19.2970930949772	0.0009990009990009	0.0013914656771798	11.7940967166933	0.0009990009990009	0.0013030447813055	True	True	True	15.54559490583525	11.7940967166933	38	receiver activity signature + source-state RNA compatibility; not a demonstrated ligand-receptor axis	No composite score or automated biological winner is assigned; rows are retained for human review.	IL1B
SecAct_group_523	PLAU|SERPINE1|TGFBI	PLAU;SERPINE1	C1QC_TAM_stress_associated	2	2	PLAU;SERPINE1	C1QC_TAM_stress_associated	has_externally_consistent_source_RNA_member	3	10.9478069856978	0.0009990009990009	0.0013914656771798	22.1595281198176	0.0009990009990009	0.0013030447813055	True	True	True	16.5536675527577	10.9478069856978	45	receiver activity signature + source-state RNA compatibility; not a demonstrated ligand-receptor axis	No composite score or automated biological winner is assigned; rows are retained for human review.	PLAU; SERPINE1; TGFBI
SecAct_group_390	KCP	KCP	C1QC_TAM_stress_associated	1	1	KCP	C1QC_TAM_stress_associated	has_externally_consistent_source_RNA_member	1	13.3156501366906	0.0009990009990009	0.0013914656771798	10.883593680587	0.0009990009990009	0.0013030447813055	True	True	True	12.0996219086388	10.883593680587	46	receiver activity signature + source-state RNA compatibility; not a demonstrated ligand-receptor axis	No composite score or automated biological winner is assigned; rows are retained for human review.	KCP
SecAct_group_141	CCDC80|CCN1|CCN2|CRISPLD2|CXCL14|DCN|FBLN1|FBLN2|FMOD|GAS6|IGFBP4|IGFBP6|PODN|SERPINE2|THBS1	CRISPLD2;IGFBP4;IGFBP6;THBS1	C1QC_TAM_stress_associated;FCGR3A_macrophage_like;IL1B_CCL3_inflammatory_monocyte_like	4	3	CRISPLD2;IGFBP4;THBS1	C1QC_TAM_stress_associated;IL1B_CCL3_inflammatory_monocyte_like	has_externally_consistent_source_RNA_member	15	10.8016998069838	0.0009990009990009	0.0013914656771798	17.4912616729586	0.0009990009990009	0.0013030447813055	True	True	True	14.1464807399712	10.8016998069838	47	receiver activity signature + source-state RNA compatibility; not a demonstrated ligand-receptor axis	No composite score or automated biological winner is assigned; rows are retained for human review.	CCDC80; CCN1; CCN2; CRISPLD2; CXCL…
