sample_id	VM_RNA_log2TPM	endothelial_control_RNA_log2TPM	VM_protein_NA	endothelial_control_protein_NA	VM_protein_impute	endothelial_control_protein_impute	VM_phospho_NA	endothelial_control_phospho_NA	VM_phospho_impute	endothelial_control_phospho_impute	tmt11_set	tmt11_multiple_plexes
115	-0.5460420908806102	0.5571483285797515	-0.4119638843021578	0.0274508078935987	-0.4119638843021578	0.0274726358591255					iCCA_07	False
117	0.1282758025830464	0.0272122086951606	-0.4855841494012288	-0.0478665126287765	-0.4855841494012288	-0.0425566847130541					iCCA_05	False
121	-0.7864695822003678	1.3742465365161942	-0.9123765264753696	0.8371532391821989	-0.9123765264753696	0.8536925179402072					iCCA_06	False
123	-0.8200951594710367	-0.4652339956444369	-0.7547236049701306	-0.437238594359691	-0.7547236049701307	-0.4327873956517624					iCCA_13	False
125	0.5578155242330971	-0.1811980968656126	0.1266338467386551	-0.9525079705817424	0.1266338467386551	-0.9470954041473189					iCCA_04	False
133	-0.1388427682440625	0.2669360556591966	-0.0202339323563045	0.3180313459703581	-0.0202339323563044	0.3252834994250497					iCCA_10	True
135	-0.1547070599993501	-0.3091313768494627	0.5845255241612007	-0.0764439584526622	0.5845255241612008	-0.064653344211944					iCCA_08	False
137	0.6196091207971646	0.1056274084580609	0.503634996218936	-0.2940023472829544	0.503634996218936	-0.286467586311561					iCCA_21	False
141	0.5749476161367921	-0.356894943254522	0.7464656338383481	-0.1338472757996232	0.7464656338383481	-0.1220868466525837					iCCA_13	False
145	-0.0253057599436939	0.2835089108289045	-0.0809779135941897	0.2988334359067083	-0.0809779135941896	-0.0189821520191865					iCCA_20	False
147	0.4408315274513497	-0.1319071988765374	0.9321374444595106	0.5795013286155236	0.9321374444595106	0.5880959808031445					iCCA_06	False
155	-0.1004444295028327	-0.2675443194262527	-0.1235907250747728	-0.2885060462464524	-0.1235907250747728	-0.2760548905890785					iCCA_16	False
157	-1.180452552425155	-1.346864711493682	-0.3667314515780831	-0.0114323580441495	-0.3667314515780831	0.0062856146017713					iCCA_19	False
161	-0.1142513391708479	0.3524124442054109	0.1750572253953161	0.6290084504450016	0.1750572253953161	0.6396522342290792					iCCA_12	False
165	0.2166024573693341	-0.4140941770106819	0.2904061722910531	-0.1869120774987112	0.2904061722910531	-0.167182501486001					iCCA_15	False
167	-0.2154704511611669	-0.0454954480852079	-0.388727083082979	-0.6709227968597777	-0.388727083082979	-0.7918401739595691					iCCA_20	False
173	-0.6484472286147915	-0.6347119583763592	-0.869022427506304	-0.5609539678498798	-0.869022427506304	-0.5517005338527313					iCCA_02	False
175	-0.6480586842586903	-0.141524808742813	-0.3808015859931276	-0.5618519009425837	-0.3808015859931276	-0.5551732453861715					iCCA_08	False
177	-0.0207424825725977	-0.2553412359623225	-0.4714020081091508	-0.2747931044366867	-0.4714020081091509	-0.2668372311645638					iCCA_21	False
181	0.1164014509063493	-0.0285789012314156	-0.9820607667730408	-0.2956270622175915	-0.9820607667730408	-0.3979013199585773					iCCA_20	False
183	-0.6006527636675275	-0.602287163473716	-0.7110562571241523	-0.987046397198056	-0.7110562571241523	-0.9821607101724844					iCCA_03	False
185	0.1351224054811346	0.1449766317352918	0.097802441689032	-0.1813746804801516	0.097802441689032	-0.1718226643506367					iCCA_04	False
187	0.2081783259208209	-0.2617439074326851	0.0079216755899346	0.1650304472485316	0.0079216755899345	0.1877346956865776					iCCA_03	False
191	-0.2099296581436494	-0.7673948466091083	0.109915433208294	-0.2600740385055273	0.109915433208294	-0.2539185976914214					iCCA_15	False
193	-0.6855179031300245	-0.2588329615910248	-0.7461826052518671	-0.3537887767169393	-0.7461826052518671	-0.3299229724952723					iCCA_10	False
197	0.1216102154319339	0.2155258878989632	-0.1161423046740876	0.1099892579118422	-0.1161423046740876	0.118286994499601					iCCA_09	False
211	0.5740147594976178	0.3421086650150077	0.1333887428840691	0.2092147351650999	0.1333887428840692	0.2170892081797314					iCCA_19	False
213	0.0595964900227992	0.7065990442122295	-0.171615064871572	0.3781286779983761	-0.171615064871572	0.3855521068724072					iCCA_03	False
215	-0.3460578575512745	-0.5238123499090188	0.5381131662251989	0.1334732422433295	0.5381131662251989	0.1477335283900668					iCCA_19	False
217	0.9820107815349988	0.8469431415094816	0.6169959914629186	0.6768818639915039	0.6169959914629186	0.6865881621841669					iCCA_09	False
221	-0.347568672638078	-0.3197280325728088	0.1619193251521213	0.1876746614419664	0.1619193251521214	0.2081549376117191					iCCA_03	False
223	-0.5055443002069288	-0.7951962127880405	-0.4769092293450043	-0.9455992858916906	-0.4769092293450043	-0.9409746816015506					iCCA_15	False
225	-0.7305746783022524	-1.9754660898482157	0.1715743147915303	-0.8053768829784167	0.1715743147915303	-0.7902655908768437					iCCA_12	False
231	0.3998052853083459	0.8533878694009236	0.058627217456329	0.6974656094519917	0.058627217456329	0.7092796307617097					iCCA_16	False
235	0.9905708290565566	-0.4894330223941273	1.3735519548381336	0.3434971736709442	1.3735519548381336	0.3681078423114451					iCCA_02	False
237	0.1253243659929326	-0.1955042159048672	-0.3151963047044608	-0.7576888848359811	-0.3151963047044608	-0.7560168858680826					iCCA_05	False
241	-0.628657428083015	-0.4932617709451255	-0.5739697785476819	-0.088858136061383	-0.5739697785476819	-0.0790926986805788					iCCA_14	False
243	0.5216309854957575	-0.4665297246515495	1.048754333405482	0.0449980860608782	1.048754333405482	0.0497606798308733					iCCA_02	False
247	0.2844102964591776	0.9661795471722984	0.1067704402630823	1.1244235104062024	0.1067704402630823	1.131744711958679					iCCA_18	False
253	-0.1451896142973872	1.0065448825018557	-0.0276630256984396	1.1611590678685888	-0.0276630256984396	1.1691792771315384					iCCA_13	False
257	0.0836901954730162	0.4116403607831459	0.1115625188016279	0.3518340419070075	0.1115625188016279	0.3585991500858104					iCCA_15	False
261	0.4814315780504112	0.2633163040367585	0.6514731496174134	-0.0645224064082082	0.6514731496174136	-0.0552850563871759					iCCA_06	False
263	-0.3398093998818731	-0.3479711405622518	-0.4178132490404723	-0.0680027037989111	-0.4178132490404723	-0.0467959667205383					iCCA_06	False
265	-0.2263841481901125	-0.505053307726589	-0.1230672002650129	-0.6752420261551664	-0.1230672002650128	-0.6223948979337508					iCCA_20	False
271	0.0825259033862469	0.1397070505255761	-0.0098365778806162	-0.272056848888742	-0.0098365778806162	-0.2648971144212639					iCCA_04	False
273	0.9217039883774816	0.3708997655445848	1.2568000288947774	1.0733734476954506	1.256800028894777	1.0885396131545035					iCCA_17	False
277	0.1172005172686834	-0.1040264603635132	0.6881069231084225	0.9228488485700768	0.6881069231084225	0.945102736004124					iCCA_09	False
281	0.6739366852395214	-0.729462979370013	0.2254211662343594	0.0522910981628717	0.2254211662343594	0.0597304709502074					iCCA_06	False
285	-0.3135271383306982	-0.6982964193459199	-0.2135276341479857	0.5985448800690856	-0.2135276341479857	0.5952403345078123					iCCA_11	False
311	0.4379750733213082	0.7985926220623014	0.2967662983577925	0.7040985291835474	0.2967662983577925	0.7150021556764579					iCCA_16	False
313	0.609045209370601	1.1384041679780352	0.5784929481514297	1.378261635676307	0.5784929481514299	1.0278817658400758					iCCA_22	False
317	-1.0764971262299576	-0.8625022296101303	-0.5310783269377751	-0.4164435646386245	-0.5310783269377751	-0.4056001205369585					iCCA_03	False
323	-0.3723713385887597	-0.8029320913374545	-0.4974822033179122	-0.843169668453205	-0.4974822033179122	-0.8332337040957556					iCCA_17	False
325	0.9502241594269322	-1.0172461849787156	0.1526012479104513	-0.8712693990281222	0.1526012479104513	-0.864840251627804					iCCA_05	False
327	0.0673342392093975	0.2122785960551761	-0.4429867446411813	-0.8276273784192392	-0.4429867446411813	-0.6751664726705162					iCCA_11	False
331	0.0608755394470745	0.5301196959790098	-0.0962056159374998	0.4648526514348019	-0.0962056159374998	0.2945139880079787					iCCA_11	False
337	0.8497647091895951	-0.5069094355544037	0.5190930014065056	-0.4656257857234269	0.5190930014065056	-0.4635247905335225					iCCA_10	False
341	0.6564862630528221	-0.1289839094420079	0.3530229574168805	-1.456482866519784	0.3530229574168804	-1.4452403817902832					iCCA_16	False
343	-0.3476063675173207	-1.1384546907920725	-0.6814697547950366	-0.4601934423426616	-0.6814697547950366	-0.4449204312897264					iCCA_01	False
345	-0.025463740995682	0.5425971191192154	-0.1301665896239267	0.0198163429518158	-0.1301665896239267	0.0274784252014068					iCCA_14	False
347	0.6292881493278194	1.7920129324921958	-0.00576772893733	1.292762532588292	-0.00576772893733	1.299725250726563					iCCA_01	False
351	0.0644371616181727	0.3302512114741383	0.8565913907776617	0.5728237478332907	0.8565913907776618	0.5890875136145348					iCCA_03	False
353	0.2237461526851713	0.0298338858313936	-0.2080570217722084	-0.5580086141952046	-0.2080570217722084	-0.5523497593328865					iCCA_09	False
357	0.4257477095708964	-0.3323421241568484	0.4636805478962715	-0.8354433123985704	0.4636805478962715	-0.8261077863958537					iCCA_04	False
361	-0.226950339908966	0.0426642317480139	-0.6456978098238068	-0.5840845960174406	-0.6456978098238068	-0.5738414087951863					iCCA_16	False
363	-0.2750070256080047	0.5213058261956894	-0.4075474487181243	0.2392210663804168	-0.4075474487181243	0.2489050874439221					iCCA_07	False
365	1.0303166847239948	1.0466574418472487	0.8805223492856684	0.4686643596945753	0.8805223492856684	0.4720922172241278					iCCA_14	False
367	0.8324969882341827	0.9725469889521228	0.7606997203578062	1.054438717714833	0.7606997203578062	1.0631446905960868					iCCA_09	False
371	0.4509478214845879	-0.1967325231317873	0.927499916012728	0.3437459186814051	0.927499916012728	0.3599560385391567					iCCA_09	False
375	0.6790613693137303	0.9684933468957116	0.5005122348560702	1.2251066759345808	0.5005122348560703	1.2362165380550632					iCCA_02	False
383	-0.5746610345234506	-1.5321738923903176	0.1181374055159056	0.1031585185477505	0.1181374055159056	0.1146344671074119					iCCA_17	False
385	0.5032347467599073	-0.5044383045168584	0.3563839443810972	-0.7867503958879412	0.3563839443810972	-0.7763206788459852					iCCA_04	False
387	0.3461503092813307	-1.301765134586996	0.8145923809822758	-0.1371570397116493	0.814592380982276	-0.1296579007370989					iCCA_17	False
391	0.0932180188673546	-0.2575485952347665	0.1366896038275982	-0.0584201752382213	0.1366896038275981	-0.0476302410546224					iCCA_07	False
393	-0.3247136572824982	-0.1461646621315857	-0.0331390239177152	0.2811874269003621	-0.0331390239177152	0.2910490134259757					iCCA_13	False
395	0.5484283180048697	1.296624142385154	-0.0031777017126006	-0.2329040139366442	-0.0031777017126006	-0.2202835371242103					iCCA_12	False
397	-0.250094332762885	-0.4411763652127213	-0.1564896942621126	-0.3214891275350965	-0.1564896942621126	-0.316261117316563					iCCA_05	False
411	-0.2312508592953151	-0.0024311298627749	-0.4216275717841481	-0.2928727870572973	-0.4216275717841481	-0.2853243393422953					iCCA_12	False
415	0.2038457783411387	0.569428110333279	-0.0563188252181068	0.1562597359670104	-0.0563188252181067	0.1620290781575216					iCCA_19	False
423	0.4248120949714331	0.3555552085541791	0.3261037370813326	0.6749328646381303	0.3261037370813326	0.6898774219404795					iCCA_05	False
425	-0.617457810149328	-0.911474073680628	-0.257637622748336	-0.5822721751385206	-0.257637622748336	-0.577730874596398					iCCA_08	False
427	0.1367337342964561	-0.059442207626838	0.5358666358934184	0.4295191914697137	0.5358666358934184	0.441910942608713					iCCA_01	False
433	-0.3930812783117792	-0.1125507841665594	-0.0299320895681008	0.0818925987877497	-0.0299320895680992	0.0833774821526753					iCCA_05	False
435	1.0633381718870123	0.6039738095886306	1.221916177040671	1.3966323753430268	1.221916177040671	1.4166399741502027					iCCA_10	False
437	0.4764371630926298	0.1374623049588502	0.4146423671256029	-0.1548944346377776	0.4146423671256029	-0.1477679059386138					iCCA_14	False
441	-1.223735537621635	-0.8330290211755991	-1.1354468272383875	-1.118547710546789	-1.1354468272383875	-1.0833398428125227					iCCA_11	False
443	-0.5568957623257405	-0.3484594494487978	0.3288625964960455	1.1221848636452154	0.3288625964960455	1.138361616297556					iCCA_19	False
445	-0.6401546695581233	-0.9166785438222602	-1.1869826301177098	-0.7625772419911707	-1.1869826301177098	-0.760771809437459					iCCA_13	False
447	-0.3166998103180634	-0.1659695479052333	0.0530836589216412	-0.2394903450486063	0.0530836589216412	-0.2263776890738203					iCCA_16	False
451	0.4325017224449654	-0.7352802623597237	-0.2568342263189674	-0.3433688705608975	-0.2568342263189674	-0.1122244166050778					iCCA_22	False
453	-0.1629672559034959	-0.7064628304594187	-0.1141948040524978	-0.9262718800249466	-0.1141948040524978	-0.919395573045028					iCCA_07	False
457	-0.0296401242798791	0.5247482769700466	-0.0580911527005158	-0.5597539311330331	-0.0580911527005158	-0.5593530086638967					iCCA_01	False
461	0.6117566514743495	-0.4172455214342422	0.5223285717453534	-0.0584162406065715	0.5223285717453534	-0.0486363519401363					iCCA_18	False
463	-0.0018859347311058	0.4621010997021105	-0.3838041995738698	-0.2211595059381594	-0.3838041995738698	-0.2130118751799924					iCCA_12	False
465	0.5267668172493379	-0.7022974269989016	0.5083610278784528	-0.5587543242468176	0.5083610278784528	-0.4968489864080965					iCCA_11	False
467	0.1281593834678985	0.6368590243442972	0.5076171413010492	-0.1491595099308594	0.5076171413010492	-0.3264553051187714					iCCA_20	False
471	-0.910694681718112	0.4501507807854187	-0.5759448886942998	0.3121094601578711	-0.5759448886942998	0.3148322012433052					iCCA_04	False
473	0.2740804451123893	-0.4866517508051796	-0.2459419973095932	-0.4824862414218331	-0.2459419973095933	-0.4764801483242719					iCCA_21	False
477	0.8468637244791409	1.659098688307637	0.9539661736245336	2.591173814006339	0.9539661736245336	1.853335254672523					iCCA_22	False
483	0.1565460342041542	0.3334546589707263	0.1791692841962227	-0.3870524228730252	0.1791692841962227	-0.3833139919479776					iCCA_01	False
485	-2.003215597801703	-0.8855249908975587	-1.560528468972669	-0.2574972960058197	-1.560528468972669	-0.2526396578909595					iCCA_03	False
487	-0.0549833740288054	0.0767620139780281	-0.5696740897630604	-0.1172375444124305	-0.5696740897630606	-0.1072450407261725					iCCA_19	False
493	-0.8758554909533595	-0.8498005976584626	-0.4404528686028545	-0.1731717736096549	-0.4404528686028545	-0.1661159674504461					iCCA_08	False
495	-0.5484217111806761	-0.616214879090802	-0.5430764552250152	-0.7025337739920914	-0.5430764552250152	-0.6974249976408297					iCCA_06	False
497	-0.5308904382283045	1.0582735980717384	-0.5080484611390518	0.9415624850260402	-0.5080484611390518	0.9538337698792784					iCCA_04	False
513	0.8318980343900031	0.6806060754370844	0.7218323402832527	0.7633692071553811	0.721832340283253	0.7690727152267749					iCCA_19	False
515	-0.94514209022545	-1.0831791467990877	-0.5485175143859929	-0.6797838048036272	-0.5485175143859929	-0.6785807932581077					iCCA_05	False
517	-0.0421933779063304	0.0429366714544124	0.4296492370631466	-0.5421044988158511	0.4296492370631466	-0.535166029435073					iCCA_01	False
521	-0.0732268725120339	0.4705032796910228	-0.417596720808344	-0.196866577368564	-0.417596720808344	-0.1867389782160234					iCCA_17	False
523	0.0038647543687742	0.0720983537254045	0.0203135712331677	0.1286431469504383	0.0203135712331677	0.1440299957077797					iCCA_04	False
531	0.6697138423333707	0.5634237289125924	0.3977297831285651	0.3952777948168992	0.3977297831285651	0.4083702210899628					iCCA_04	False
533	0.1934455274328424	0.8890494276466693	-0.396369635524632	0.0196296252835537	-0.396369635524632	0.0315467840437508					iCCA_12	False
535	-0.8365769260222485	-0.6656227806065022	-0.3669062940215512	-1.10311409564688	-0.3669062940215512	-1.0933990271145366					iCCA_16	False
537	0.2676786336832297	-0.2331529259052029	1.1001349784587031	0.7676065437506914	1.1001349784587031	0.7849880391605589					iCCA_15	False
541	0.2936528486094709	-0.1455357736417339	-0.0689627172927276	-0.8293813582830534	-0.0689627172927276	-0.8198139516147507					iCCA_17	False
543	0.1665667263809506	0.1086350002167226	-0.1597011233483342	-0.0647203649240771	-0.1597011233483342	-0.0555334088057155					iCCA_18	False
545	0.6665109543880022	0.4238350700746717	0.9602328010364336	0.7101032349104484	0.9602328010364336	0.7218168434575901					iCCA_13	False
547	0.4526021641674052	0.2758127842678172	0.3635837842933397	0.2550376892296076	0.3635837842933397	0.2680334502952696					iCCA_09	False
551	0.7235057095388102	0.8067770550621941	0.0389965458054764	0.1864453310333327	0.0389965458054764	0.1917168828835994					iCCA_10	False
553	-0.3319232428128102	-0.4354449875500434	-0.2152480185638095	0.2862643100671783	-0.2152480185638095	0.3000380070922718					iCCA_09	False
557	-0.3810644772577798	0.6569093239799741	-0.2950721170026711	0.5141029339333245	-0.2950721170026711	0.5212640890905076					iCCA_12	False
561	0.2236917286040604	0.750684605555204	0.0209333506379991	0.3952166967970818	0.0209333506379991	0.4085429008408875					iCCA_13	False
563	0.2285686390027557	-0.3125638622965522	0.1339361152124303	-0.4044677180377877	0.1339361152124303	-0.3935122226317984					iCCA_15	False
565	-0.7157396732146388	-0.1614812181378785	-0.9895678306151549	-0.2945673494582	-0.9895678306151549	-0.2870016243645421					iCCA_01	False
567	0.1520213058363277	0.4974938091517487	1.1741061845802017	0.8680856270850519	1.1741061845802017	0.8805190878613205					iCCA_01	False
573	0.113847711187808	0.4850770143831711	-0.0491775194842452	0.1410860733557333	-0.0491775194842452	0.1493838760464327					iCCA_02	False
575	-0.1661851619851711	0.2222931388852231	0.0775939603909729	-0.4314780006673681	0.0775939603909728	-0.4135991606741614					iCCA_04	False
577	-0.9966139290812448	-1.0440207163372957	-0.4199061269290063	-0.5025423088203436	-0.4199061269290065	-0.5023219462545441					iCCA_07	False
581	-0.5606664214281293	-1.5461650344012785	-0.1072717262495784	-0.1132035511412613	-0.1072717262495784	-0.1010346005844657					iCCA_18	False
583	0.8531794374155952	-0.700293900797069	1.0513802455689514	0.1706914481666375	1.0513802455689512	0.1953561510438771					iCCA_07	False
585	-0.0152953109503665	-0.1666028901606251	-0.0437921120117544	-0.3136256784804078	-0.0437921120117544	-0.0933960912873264					iCCA_11	False
587	0.0166519528584218	-0.8823860971671891	0.1871539520747231	-0.7991727872280439	0.1871539520747231	-0.7893256409147973					iCCA_16	True
591	-0.0772471960997048	-0.3063711516883284	-0.6332238545688343	-0.9717071918492928	-0.6332238545688343	-0.969341572619458					iCCA_15	False
613	-0.1301924607896609	-0.5268750026185803	-0.3077681810078401	-0.4951581790306152	-0.3077681810078401	-0.4895535266312347					iCCA_21	False
615	-0.2662583730072623	-0.1242460403791217	-0.8835169243298452	-0.5676978674485711	-0.8835169243298452	-0.6901168510727003					iCCA_20	False
617	0.0119905249814419	0.4292148686902055	-0.0513076630030185	0.1875429597887209	-0.051307663003018	0.1966362160221889					iCCA_03	False
621	0.6107953872985645	-0.2354596211261831	0.8370967053815188	-0.0206309768289673	0.8370967053815188	-0.0187218466696907					iCCA_11	False
623	-0.6581771153359056	0.0478870377688079	-0.7605376286668358	-0.1021376750915552	-0.7605376286668358	-0.0944032492779876					iCCA_17	False
625	-0.045288525084319	0.6619819468703569	-0.1633498763212398	0.0379238906535801	-0.1633498763212398	0.0411698565328973					iCCA_14	False
627	0.01036514829645	0.0537292251612295	-0.0401478192485838	-0.205549522848437	-0.0401478192485838	-0.1983209015965084					iCCA_17	False
631	-0.621102775826101	-0.8222244693240089	-0.7233245701797671	-0.6215160737705394	-0.7233245701797673	-0.6031589930717028					iCCA_01	False
633	0.2428253160710771	0.0446579260070746	-0.327909002696306	0.1194003301247507	-0.327909002696306	0.1264823542191944					iCCA_21	False
635	0.0067034713745924	0.3352884345902114	-0.2548432219707651	-0.3531983251498853	-0.2548432219707651	-0.3424958881493309					iCCA_10	False
637	-0.115793931105044	0.4456079660134885	-0.3285234149272336	0.037226890342408	-0.3285234149272335	0.0445676650983866					iCCA_06	False
641	0.1969705962520924	1.3060851562764868	-0.2777914506521715	0.6196221194054524	-0.2777914506521715	0.6313467591914242					iCCA_05	False
643	0.8890677134631182	1.4919422678067686	0.143009312116267	1.0219159718799131	0.143009312116267	0.8037788919456412					iCCA_20	False
647	0.4492873558060797	-0.6516178676575779	0.4167461030525723	-0.2220584003004684	0.4167461030525723	-0.2068299416839645					iCCA_02	True
651	0.5731316875311888	0.4712118593031068	0.091290401766688	0.1382262139847226	0.091290401766688	0.141476861446063					iCCA_06	False
653	-0.9330172069437396	-1.3307684780529692	-0.2772804754230627	-0.0515747812150817	-0.2772804754230627	-0.0383811565530255					iCCA_10	False
655	-0.1184195399880799	0.3046579656016098	-0.5041882868452627	0.2675421136591615	-0.5041882868452627	0.2810979114324618					iCCA_11	False
657	-0.0130470903830145	0.3066733151928661	-0.5380915414352514	-0.7000554817305533	-0.5380915414352514	-0.6989779055716921					iCCA_14	False
661	0.1506461423827688	0.2980823946039259	0.2298642058950135	-0.1786569878988689	0.2298642058950136	-0.1684722092975493					iCCA_17	False
663	-1.1479227737807631	0.112505355706553	-0.967624688870758	-0.2661831486574922	-0.967624688870758	-0.2646133125650938					iCCA_05	False
665	-0.2321718907569875	0.968504024429594	-0.0246055516922411	0.37313885631925	-0.024605551692241	0.3760128338017152					iCCA_10	False
673	-0.0738941972090596	0.7392772611469303	-0.2425537060891595	-0.0912676015230226	-0.2425537060891599	-0.0855140844868284					iCCA_08	False
675	-0.0742720324677529	-0.5030934004351603	-0.4438513842850184	-1.1111015651103016	-0.4438513842850187	-1.1078190363067897					iCCA_19	False
681	-0.6307998193249107	0.1648601157108248	-0.6215376487207694	-0.0936107247641762	-0.6215376487207694	-0.0921998951832866					iCCA_15	False
683	-0.0923382899735178	-0.4786114207256006	-0.1264770696102905	-0.6660504739670616	-0.1264770696102905	-0.6576791070471529					iCCA_14	False
685	0.2201854430479058	-0.8376494513544286	0.475942305030865	0.1696956920230564	0.4759423050308649	0.1798005524912534					iCCA_21	False
687	0.1362776701004522	1.729811712503198	0.5339909114877502	1.551301926278414	0.5339909114877505	1.5584075540314308					iCCA_15	False
691	-1.0984980673132387	-0.8501110460537004	-0.7026484844560593	-0.7951980274625268	-0.7026484844560595	-0.7863439354004442					iCCA_03	False
693	0.3440820396059854	1.5068095282441063	0.3409931494003312	1.0998214837226	0.3409931494003312	0.8626893553457815					iCCA_11	False
811	-0.871334764826531	-0.4937568466972007	-0.8253001126156927	-0.4856079365636061	-0.8253001126156927	-0.472728497100498					iCCA_19	False
813	0.4511654547492758	-0.2840317776472666	0.1945101342392132	-0.0875964437284745	0.1945101342392132	-0.073548156190485					iCCA_14	False
817	0.191299189653281	0.2848087944051024	0.1560593604191064	-0.2977657069657696	0.1560593604191064	-0.2916636828047234					iCCA_05	False
821	1.0464997953187314	0.7663012702175237	0.6709276178589197	0.0358695738881287	0.6709276178589199	0.0430740226918706					iCCA_18	False
823	-0.4031094057110878	-0.0118897712681513	-0.1417370415087353	-0.2397711282397982	-0.1417370415087353	-0.2327002916665731					iCCA_18	True
825	0.237172445878274	1.282982306022784	-0.3671166882953069	0.5722957177190964	-0.3671166882953069	0.5824047191660602					iCCA_02	False
827	0.1405906550662218	-0.800532336896673	0.9094192535233212	0.2284843472199062	0.9094192535233212	0.2491214927613731					iCCA_10	False
833	1.4012927882996304	0.2206247790491968	0.9730067995613896	0.0107982861457006	0.9730067995613896	0.0267483224552055					iCCA_12	False
835	0.1130486056263773	0.9589910359510442	0.1042942520971298	0.0061327144023445	0.1042942520971298	0.0139727486249019					iCCA_12	False
841	0.5673369811545891	0.6485151614901791	0.9915745860339984	0.0225964748684337	0.9915745860339984	0.0257063430276881					iCCA_15	False
843	0.0235718235631961	0.831473235676072	0.1759540954525396	0.8670895438462669	0.1759540954525396	0.889752160431747					iCCA_07	False
845	-0.0486193796891014	-0.0983139621950874	0.2694346766804321	-0.5656622918726868	0.2694346766804321	-0.5595216805407226					iCCA_08	False
847	0.0136221621925121	-0.7072202492886858	-0.5412490982431416	-0.7974823676344576	-0.5412490982431416	-0.7887288945055154					iCCA_17	False
851	-0.4643033606055476	-1.4168843740274204	0.2856773351440493	0.4538040926538508	0.2856773351440493	0.4756788963817698					iCCA_18	False
853	-0.6447978942444091	-1.3505590657754465	-0.2138163165435734	-0.5564687377366554	-0.2138163165435734	-0.5404417128704236					iCCA_08	False
857	0.3676874136183745	-0.0420632345666351	0.4716901075759996	-0.26014799585035	0.4716901075759996	-0.281712578219243					iCCA_20	False
861	-0.7480852635482526	0.0146758547477636	-0.6853350302211525	0.0130392525301548	-0.6853350302211524	0.0211979797596232					iCCA_03	False
863	0.3427472552523161	-0.2095979311253936	0.379427771638118	-0.5774645908243292	0.379427771638118	-0.5636297344961757					iCCA_02	False
865	0.3298186595353082	1.4950647929355814	0.5737666705085699	1.2854702827330446	0.5737666705085699	1.289989389512929					iCCA_10	False
871	1.037580471303733	0.7380267007565087	0.7404561499398588	0.725728230549495	0.7404561499398588	0.7318909909405493					iCCA_21	False
875	-0.1612171928398843	0.4380091814499834	0.0861405920827927	0.2793712533197695	0.0861405920827927	0.2905252454451136					iCCA_18	False
877	-0.6878669420783169	-0.1229718884017697	-0.4513957334283469	0.3810840377820398	-0.4513957334283469	0.3943992139521629					iCCA_21	False
911	0.066252259265152	1.8065176519807504	-0.2150748905287119	0.3793849933273602	-0.2150748905287119	0.3870258312447546					iCCA_19	False
913	-0.1803254152650688	0.9262609965200508	0.3929440460303312	1.7031410819846453	0.3929440460303313	1.7094027742378617					iCCA_02	False
917	0.1207969946979386	-0.0977013313028417	-0.3542722405387615	0.1638108931675914	-0.3542722405387615	0.1443370784039123					iCCA_20	False
921	-0.0917177182556572	-0.3189953607591954	-0.6991193683908262	-0.2005181858041719	-0.6991193683908262	-0.1909479168601544					iCCA_21	False
923	-0.0542288612567798	-0.5122781188262496	0.5967085622135049	0.441648072316772	0.5967085622135049	0.449418757819084					iCCA_07	False
925	-0.0600214785935449	0.4844581720333948	0.2994661824202084	1.0194017171912853	0.2994661824202085	1.0303413146247895					iCCA_16	False
927	0.0746415991962927	-0.31504045839927	0.2832987771485321	0.0369916751860751	0.2832987771485322	0.0498587166385163					iCCA_09	False
931	-0.73577373867972	-0.7165638320851839	0.0877697771916966	-0.2019067174182617	0.0877697771916966	-0.1886520280277506					iCCA_16	False
937	0.2211283937318838	1.0045254104554378	0.0061402402001748	0.1612475523702956	0.0061402402001748	-0.1323952994628565					iCCA_22	False
941	0.4982818777687148	0.1436046444149359	0.3533215105420438	0.8782764594100201	0.3533215105420438	0.8869016466484251					iCCA_21	False
947	-0.0544594763281724	0.9347566116321911	-0.4675845583922482	-0.0412280961069294	-0.4675845583922482	-0.0365651473612933					iCCA_13	False
951	-0.3239988408088398	-0.7164772826492112	-0.7202228638460807	-1.391709374782859	-0.7202228638460807	-1.3860608564831798					iCCA_18	False
953	-0.539451312162277	-1.0455622109990907	0.5256706089752413	0.7526686962752136	0.5256706089752413	0.7725844610260889					iCCA_08	False
961	0.5928941324384894	-0.7859425790017694	1.1629448013810324	-0.1295929423933904	1.1629448013810326	-0.1175386856850894					iCCA_13	False
963	-1.1505173954710295	-0.4382350399880668	-0.9752845760906644	-0.233123748457892	-0.9752845760906644	-0.2234008537531968					iCCA_18	False
965	0.5284743617538482	0.3217892262125582	-0.0293155560956107	0.0659296155761563	-0.0293155560956106	0.0756706189589108					iCCA_02	False
971	-0.068120583631718	-0.0889676517521389	-1.381352847143714	-0.427420998267206	-1.381352847143714	-0.426464363880007					iCCA_08	False
973	-0.1639755946023819	-0.1123255783000147	-0.6231663505527685	-0.2012996852606058	-0.6231663505527685	-0.2590694046999758					iCCA_22	False
975	0.1152186252159561	-0.0255428741518891	0.1336489926875164	-0.2122140986572824	0.1336489926875163	-0.2046024445810666					iCCA_09	False
977	-0.2882193680441103	-0.7580606155131643	-0.2791670435561624	0.1531503262855402	-0.2791670435561625	0.1573761905180669					iCCA_01	False
981	-0.3371932061256248	-0.2261177644513235	-0.4327596720463593	-0.0993378227920104	-0.4327596720463592	-0.0924613840415627					iCCA_06	False
983	-0.1267078404618005	-0.2789938325966838	-0.6236313519290982	-0.7697809250822689	-0.6236313519290982	-0.765539725303414					iCCA_14	False
993	-0.2253129968399219	-0.161327744716178	0.2458908096787795	0.0710023875557841	0.2458908096787795	0.078118223115133					iCCA_07	False
995	0.5336473864711603	0.2193555814941663	0.8396547351085958	0.4597276734592556	0.839654735108596	0.4666092891417023					iCCA_08	False
