gene	left_layer	right_layer	n	rho	p_value	fdr_bh_within_pair
CDH5	RNA_log2TPM	protein_NA	208	0.6709632853797612	1.435579500294835e-28	1.7226954003538022e-28
CDH5	RNA_log2TPM	phospho_NA	0			
CDH5	protein_NA	phospho_NA	0			
EPHA2	RNA_log2TPM	protein_NA	208	0.7222013303249001	8.031132370602365e-35	1.2046698555903546e-34
EPHA2	RNA_log2TPM	phospho_NA	107	0.6677148846960167	3.995101026514906e-15	5.992651539772359e-15
EPHA2	protein_NA	phospho_NA	107	0.7479084621563903	2.1250116332876223e-20	3.1875174499314343e-20
MCAM	RNA_log2TPM	protein_NA	208	0.8061534194257305	7.777867013192969e-49	4.6667202079157823e-48
MCAM	RNA_log2TPM	phospho_NA	208	0.5207496546169315	7.45219743954843e-16	2.235659231864529e-15
MCAM	protein_NA	phospho_NA	208	0.6250940135379494	6.023180292220676e-24	1.806954087666203e-23
MMP2	RNA_log2TPM	protein_NA	208	0.7767785227739461	3.05390483998603e-43	6.10780967997206e-43
MMP2	RNA_log2TPM	phospho_NA	0			
MMP2	protein_NA	phospho_NA	0			
MMP9	RNA_log2TPM	protein_NA	208	0.2084566844292244	0.0025148265025732	0.0025148265025732
MMP9	RNA_log2TPM	phospho_NA	0			
MMP9	protein_NA	phospho_NA	0			
LAMC2	RNA_log2TPM	protein_NA	208	0.7889976156566545	1.847355353810116e-45	5.5420660614303483e-45
LAMC2	RNA_log2TPM	phospho_NA	107	0.4651736907071063	4.4606931004835537e-07	4.4606931004835537e-07
LAMC2	protein_NA	phospho_NA	107	0.2880444366073003	0.0026245822959185	0.0026245822959185
