sample_id	VM_RNA_log2TPM	nonsynonymous_mutation_burden	non_diploid_CNV_fraction	KRAS_mutant	BAP1_mutant	MYC_gain	MCL1_gain
111	0.03719712430986751	101	0.0009964474482280566	False	False	False	False
113	-0.6818268271521442	20	0.21904514340178494	False	False	False	True
115	-0.5928450132789207	79	0.07074776882419201	False	False	False	False
117	0.07014429716917021	31	0.016159778182133263	False	False	False	False
121	-0.8244595282179734	38	0.20583138376223897	False	False	True	False
123	-0.8453069371702698	16	8.664760419374404e-05	False	False	False	False
125	0.5035549673689242	23	0.0240013863616671	True	True	True	False
127	1.2329747225654717	2	0.0007365046356468244	False	False	False	False
131	0.9097916564958529	38	0.10887271466943939	True	False	False	False
133	-0.1944481112713138	200	0.01282384542067412	False	False	False	False
135	-0.18540005759535336	33	0.00030326661467810416	False	False	False	False
137	0.5737254637022794	15	0.02534442422667013	False	False	False	False
141	0.5272886873499192	32	0.024737890997313924	False	False	False	False
143	-0.03127982351319248	20	0.04765618230655922	False	False	True	False
145	-0.0655448279460846	454	0.030543280478294774	False	True	False	False
147	0.41256809480862205	31	0.014643445108742744	False	False	False	False
151	0.7090546738760587	2	0.0010397712503249284	False	False	False	False
155	-0.12646446777649858	133	0.013603673858417814	False	False	False	False
157	-1.2098859755545421	470	0.0006498570314530804	False	False	False	False
161	-0.15645736197081098	7	0.09136989862230309	False	False	False	False
165	0.17663994098327288	194	0.004678970626462178	False	False	False	False
167	-0.2367314709676457	226	0.18074690234815008	False	False	False	True
171	0.6486539361020228	42	0.3201628974958842	False	False	False	False
173	-0.6933976030210317	56	0.28792998873581144	False	False	False	False
175	-0.7000874299311501	58	0.21146347803483234	False	False	True	True
177	-0.04927156149209185	26	0.07148427345983883	False	False	False	False
183	-0.6332374917022977	53	0.2839875227449961	False	True	True	True
185	0.09809196238711511	18	0.017676111255523784	False	False	False	False
187	0.17857963475440974	28	0.01351702625422407	False	False	False	False
191	-0.2449952362266803	47	0.03613205094879127	True	True	False	False
193	-0.7216676037904545	22	0.5850446235161598	False	False	False	True
195	-0.39050411260385465	69	0.0229182913092453	False	False	False	False
197	0.0723481344129648	79	0.0006498570314530804	False	True	False	False
211	0.5267112653643019	9	0.017069578026167577	False	False	False	False
213	0.0015291675732315897	34	0.034789013083788234	False	False	False	True
215	-0.3595877533437161	20	0.1449614418161338	False	False	False	False
217	0.920958622891837	39	0.006845160731305779	True	False	False	False
221	-0.37688152237312483	43	0.038081622043150506	True	False	False	False
223	-0.5386495572375297	104	0.17294861797071312	False	False	False	False
225	-0.7237511263469529	37	0.025950957456026342	True	False	True	False
231	0.3429313319145469	27	0.02573433844554198	False	False	True	False
233	0.5093057198396518	31	0.013040464431158479	False	False	False	False
235	0.9530759356286226	20	0.0040724373971059704	True	False	False	False
237	0.05741719846458023	25	0.2243739710597002	False	False	False	False
241	-0.6684574570828957	91	0.16016809635213586	False	False	False	False
243	0.505825594394356	30	0.09730525950957455	True	False	False	False
245	-0.9269076741138167	14	0.08803396586084394	False	False	True	False
247	0.21872568912670984	12	0.007148427345983884	False	False	False	False
251	0.6763125730011784	2	0.0012563902608092887	False	False	False	False
253	-0.20170111938197222	43	0.02339485313231089	False	False	False	False
255	-0.11148314745220739	21	0.05614764751754614	False	False	False	False
257	0.03244797558760367	43	0.025820986049735723	False	False	False	False
261	0.45266858600838383	27	0.05120873407850273	False	False	False	False
263	-0.3731562533941141	20	0.0661121219998267	False	False	False	False
265	-0.2519039050457881	37	0.15696213499696735	False	True	False	False
267	-0.4524134723585082	28	0.019409063339398666	False	False	False	False
271	0.036362004840823935	136	0.03539554631314444	False	False	False	False
273	0.852580311812294	29	0.005935360887271467	False	False	False	False
275	-0.4548144867079476	67	0.14080235681483408	False	False	False	False
277	0.07754059257101627	9	0.1687895329694134	False	False	True	False
281	0.6273130019637155	19	0.049562429598821595	True	False	False	False
283	-0.6734846958052317	72	0.010397712503249286	False	False	False	False
285	-0.3495066632405033	33	0.09929815440603067	False	False	False	False
311	0.3890830513978183	34	0.029330214019582357	False	False	False	False
317	-1.0914766140862309	30	0.001862923490165497	False	False	False	False
323	-0.402911263269179	15	0.03682523178234122	False	False	False	False
325	0.882415550945291	68	0.07174421627242007	True	False	False	False
327	-0.005083972605110769	30	0.028160471362966812	False	True	False	False
331	0.017168763461235734	18	0.002209513906940473	True	False	False	False
335	-0.36221511931584965	29	0.04384368772203449	False	True	False	False
337	0.8026790487096375	34	0.03838488865782861	True	False	False	False
341	0.6232739436708393	32	0.004375704011784074	True	True	False	False
343	-0.3819579709821099	31	0.0034659041677497617	False	False	False	False
345	-0.07383090333339487	35	0.02096872021488606	False	True	False	False
347	0.5549850947158856	5	0.0015596568754873928	False	False	False	False
351	0.037442142543641956	19	0.08595442336019408	False	False	False	False
353	0.18604426926215623	41	0.05879039944545533	False	True	False	False
355	-0.06285728648699791	36	0.027597261935707478	False	False	False	False
357	0.39519553925042405	40	0.06520232215579239	False	False	False	False
361	-0.26658240020154456	31	0.2104670305866043	False	False	False	False
363	-0.30930077746423884	23	0.10843947664847067	False	False	False	True
365	0.969883961094153	1	0.008014903387921324	False	False	False	False
367	0.7596086732227066	28	0.15184992634953642	False	False	False	False
371	0.4046117511495914	35	0.10441036305346157	True	False	False	False
373	0.7911263944470045	77	0.14903387921323977	False	False	False	False
375	0.6061672887432673	4	0.08534789013083788	False	False	False	False
377	0.11672102121329513	32	0.04778615371284984	False	False	False	False
381	0.015279846154832058	35	0.004678970626462178	False	False	False	False
383	-0.5721080718279296	68	0.005718741876787107	True	False	False	False
385	0.45407393018310377	48	0.10687981977298328	False	False	False	False
387	0.32836841664720334	36	0.02014556797504549	True	False	False	False
391	0.05464157404368256	476	0.04189411662767525	False	False	False	False
393	-0.3702966848752928	23	0.09899488779135257	False	False	False	False
395	0.46716858952070456	53	0.3252751061433151	False	False	False	True
397	-0.27042163323953167	32	0.04410363053461572	True	False	False	False
411	-0.2687178719022578	19	0.07399705398145741	False	True	False	False
413	0.6328744468382392	6	0.006801836929208907	False	False	False	False
415	0.150591892305409	31	0.04886924876527164	False	True	False	False
417	-0.020160100564301064	37	0.14262195650290269	False	False	False	True
421	0.49118372651719017	17	8.664760419374404e-05	False	False	False	False
423	0.3829194034667884	4	0.007668312971146347	True	False	False	False
425	-0.6329501710691577	105	0.12178320769430726	False	False	False	False
427	0.09943007440005043	33	0.005458799064205874	False	False	False	False
431	0.39745412757286386	27	0.07391040637726366	False	False	False	False
433	-0.4406490754430032	24	0.1548392686942206	False	True	False	False
435	0.9927455736004337	21	0.0	False	False	False	False
437	0.4305773142398593	55	0.17849406463911272	False	False	False	False
441	-1.243836106953027	335	0.13079455853045663	False	False	False	False
443	-0.5781681039709946	20	0.013863616670999047	False	False	True	False
445	-0.665410221697691	27	0.07113768304306387	False	False	False	False
447	-0.3604523586634092	27	0.07564335846113855	False	False	False	False
451	0.3909289057437326	97	0.03734511740750368	False	False	False	False
453	-0.186579187108308	44	0.12260635993414783	True	False	False	False
455	0.09734542263394665	18	0.003552551771943506	False	False	False	False
457	-0.07220825558401851	47	0.08006238627501949	False	True	False	True
461	0.5837068359777294	18	0.031019842301360366	True	False	False	False
463	-0.058075654920509444	30	0.0009964474482280566	False	False	False	False
465	0.5007741054585936	36	0.006498570314530803	True	False	False	False
467	0.09875900082266238	38	0.060523351529330215	False	False	False	False
471	-0.9684603269902992	53	0.04912919157785287	False	False	True	False
473	0.23635390436089299	33	0.08742743263148774	True	False	False	True
475	0.08838648011052112	34	0.01585651156745516	False	False	False	False
477	0.7761419176577132	1	0.0012563902608092887	False	False	False	False
483	0.11956664402598345	21	0.005415475262109002	False	True	False	False
485	-2.007778494985716	55	0.3088553851486006	False	False	False	True
487	-0.1139798029456313	34	0.10150766831297114	False	False	False	False
491	0.42099816172204757	52	0.0012563902608092887	False	False	False	False
493	-0.8848499677053988	41	0.13400051988562517	False	True	True	False
497	-0.5800732727109184	28	0.11368165670219219	False	False	False	False
511	0.13463501288677637	355	0.04024781214799411	False	False	False	False
515	-0.9572718683159898	26	0.24863530023394853	False	True	False	False
517	-0.07416805830309638	25	0.07022788319902955	True	False	False	False
521	-0.13997423571078013	53	0.22900961788406551	False	False	True	True
523	-0.036952901227455946	24	0.09145654622649683	True	False	False	False
525	1.3964784695609722	23	0.002642751927909193	True	False	False	False
531	0.6090989393116746	12	0.03812494584524738	False	False	False	False
533	0.13644445881851017	41	0.09093666060133437	False	False	False	False
535	-0.8453350008905489	18	0.06407590330127372	False	True	False	False
537	0.24790403241809264	36	0.0723074256996794	True	False	False	False
541	0.2679004543699174	25	0.012303959795511655	False	False	False	False
543	0.10898129636175208	40	0.12672212113335066	False	False	True	False
545	0.6140762721504739	35	0.0004332380209687202	False	True	False	False
547	0.40552209103304365	19	0.0005198856251624642	True	False	False	False
551	0.6748760901876746	32	0.06377263668659562	False	False	False	False
553	-0.36454127528479163	88	0.0342258036565289	False	False	False	False
555	-0.039598369005011826	150	0.11021575253444242	False	False	False	False
557	-0.42838791170595014	8	0.006585217918724547	False	False	False	False
561	0.17968411557977684	36	0.041850792825578374	False	False	False	False
563	0.19183995121547967	40	0.050472229442855905	False	False	False	False
565	-0.7736747964005145	63	0.14686768910839615	False	False	False	True
567	0.10604796679907928	54	0.010354388701152413	False	False	False	False
571	0.4533768734500403	20	0.07503682523178234	False	False	False	False
573	0.0687809720791366	34	0.21583918204661642	False	False	False	False
575	-0.20570235799476533	27	0.028030499956676197	False	False	False	False
577	-1.0096728416522558	30	0.01607313057793952	False	False	False	False
581	-0.5843770930452645	48	0.04310718308638766	False	False	False	False
583	0.8206644182178519	37	0.005588770470496491	True	False	False	False
585	-0.06101862263872438	14	0.011610778961961702	False	False	False	False
587	-0.006769039123525371	30	0.03942465990815354	False	False	False	False
591	-0.1359182140638359	39	0.01867255870375184	False	False	False	False
611	0.33304796120862745	47	0.009271293648730613	False	False	False	False
613	-0.1441333197441457	30	0.019149120526817432	False	False	False	False
617	-0.03963710055679782	23	0.008188198596308812	False	True	False	False
615	-0.304946682842625	33	0.04167749761719088	False	True	False	False
621	0.568052293009374	29	0.07152759726193571	False	False	False	False
623	-0.6942337815172248	24	0.02140195823585478	False	False	False	False
625	-0.08385341188254221	16	0.002122866302746729	False	False	False	False
627	-0.022431198963451915	30	0.049562429598821595	True	False	False	False
631	-0.6690346482709554	30	0.051382029286890216	False	False	False	False
633	0.18712044725885923	25	0.04700632527510614	False	False	False	False
635	-0.031897256743219964	28	0.005415475262109002	False	False	False	False
637	-0.1646268783857411	79	0.1642838575513387	False	False	False	False
641	0.14052783321311488	39	0.027250671518932502	False	False	False	False
643	0.8191402951081762	8	0.0	False	False	False	False
645	0.5663491291185607	66	0.027337319123126244	True	False	False	False
647	0.4189476783505672	25	0.009401265055021228	False	False	False	False
651	0.5307550472566588	22	0.09145654622649683	False	False	False	False
653	-0.957641568330382	37	0.10150766831297114	False	True	False	False
655	-0.18521495196454016	20	0.0008231522398405684	False	False	False	False
657	-0.06910954275205015	27	0.06273286543627069	False	False	False	False
661	0.1020774125892343	28	0.004375704011784074	False	False	False	False
663	-1.200625570094887	40	0.3389221038038298	False	False	False	True
665	-0.28711896126378955	149	0.06134650376917078	False	False	False	False
667	1.202082371406069	22	0.005068884845334027	False	False	False	False
673	-0.11700682920454471	29	0.02486786240360454	True	False	False	False
675	-0.10558630009855619	82	0.052681743349796376	False	True	False	False
677	-1.3967625937075805	84	0.178060826618144	False	False	False	False
681	-0.6828561849242115	79	0.11563122779655143	False	False	False	True
683	-0.11750712697337172	29	0.0002599428125812321	False	False	False	False
685	0.2029549165338961	36	0.022615024694567196	True	False	False	False
687	0.08488803488534795	44	0.002382809115327961	False	False	False	False
691	-1.0987500886823118	145	0.17502816047136296	False	False	True	False
693	0.28699265869515683	19	0.011004245732605493	False	False	False	False
811	-0.9000200262999609	133	0.08682089940213153	False	False	True	False
813	0.4002694790689499	38	0.05861710423706785	False	False	False	False
817	0.12803638157035377	39	0.18728879646477775	False	False	True	True
823	-0.44398796869810875	29	0.0893336799237501	False	True	False	False
821	0.9810870530220411	27	0.024477948184732694	False	False	False	False
825	0.17119580372441737	21	0.01074430292002426	False	False	False	False
827	0.11766294970401614	73	0.18884845334026515	False	False	False	False
831	0.2611614317328443	59	0.18616237761025908	False	False	False	False
833	1.3354586016553132	6	0.09037345117407504	False	False	False	False
835	0.07093700310331595	28	0.03387921323975392	False	True	False	False
841	0.5114632957034139	68	0.08097218611905381	False	False	False	False
843	-0.01328341661911637	32	0.01862923490165497	False	False	False	False
845	-0.08584541386754929	39	0.03188631834329781	False	False	False	False
847	-0.02189341422047388	43	0.041980764231868986	False	True	False	False
851	-0.48275705273363495	51	0.010917598128411749	False	False	False	False
853	-0.6397911532972463	15	0.2231175807988909	True	False	True	False
855	0.6516096477681678	31	0.013343731045836582	False	False	False	False
857	0.3375446028994518	24	0.020448834589723595	True	False	False	False
861	-0.7905544649177699	20	0.001992894896456113	False	True	False	False
863	0.3199625529524846	23	0.07213413049129191	True	False	False	False
865	0.264760668386015	9	0.0012997140629061607	False	False	False	False
867	0.8555829465357969	20	0.26111255523784765	True	False	False	False
871	0.9795813995523498	17	0.0013430378650030326	True	False	False	False
875	-0.22195654956957608	15	0.016593016203101985	False	False	False	False
877	-0.7278696412198351	387	0.005978684689368339	False	False	False	False
881	0.1599651649014777	61	0.09401265055021228	True	False	True	False
883	-0.5491279190436965	27	0.12893163504029115	False	True	False	False
885	0.13386270767235064	34	0.1441382895762932	False	False	False	True
911	0.017269648455256432	30	0.12468590243479767	False	False	False	False
913	-0.23068137683867004	28	0.003942465990815354	False	True	False	False
915	0.880285633410186	6	0.001862923490165497	False	False	False	False
917	0.0653623572318669	81	0.0010830950524218005	False	False	False	False
921	-0.1247625221946847	34	0.06411922710337059	False	False	False	False
923	-0.0872316697383936	24	0.0010830950524218005	False	False	False	False
925	-0.09379567344502339	25	0.009531236461311845	False	False	False	False
927	0.052395574862829364	32	0.031106489905554112	False	False	False	False
931	-0.7524931190655225	23	0.008924703231955636	True	False	False	False
937	0.16917132523055023	17	0.0004332380209687202	False	False	False	False
941	0.43690802554627806	10	0.0012563902608092887	False	False	False	False
945	0.3227230230477541	504	0.013387054847933455	True	False	False	False
947	-0.09816600489122429	15	0.03383588943765705	False	False	False	False
951	-0.351641950349703	28	0.1359500909799844	False	True	False	True
953	-0.5523444872276987	76	0.008404817606793171	True	False	False	False
957	0.2565244441238013	31	0.00012997140629061605	False	False	False	False
961	0.5725815193975237	23	0.01221731219131791	True	False	False	False
963	-1.1810229739167932	96	0.15691881119487047	False	False	True	True
965	0.48486285802561113	20	0.03704185079282558	True	False	False	False
971	-0.13667059465996878	197	0.007538341564855732	False	False	False	False
973	-0.2052424244438328	22	0.0002166190104843601	False	False	False	False
975	0.0713082841091639	36	0.03062992808248852	False	False	False	False
977	-0.32611289375780284	35	0.13274412962481588	False	False	False	True
981	-0.3566618495266935	19	0.13300407243739712	False	False	False	False
983	-0.15140000282950328	25	0.10536348669959275	False	False	False	True
987	-0.5145039316662948	33	0.018585911099558098	False	False	False	False
993	-0.25470832753778555	37	0.24321982497183953	False	False	False	False
995	0.48801640052827006	21	0.2900961788406551	False	False	False	False
