outcome	test	n	effect	p_value	analysis	group_reference	group_comparator	median_reference	median_comparator	mann_whitney_u	fdr_bh_all_prespecified_tests
VM_RNA_log2TPM_255	age	255	0.0484574514363532	0.4410303684073239	RNA_all_255						0.793854663133183
VM_RNA_log2TPM_255	AJCC stage ordinal	255	0.0335166888420102	0.5942144358712033	RNA_all_255						0.9498253876974838
VM_RNA_log2TPM_255	tumor diameter	255	-0.003960022740665	0.9498253876974836	RNA_all_255						0.9498253876974838
VM_RNA_log2TPM_255	Mann-Whitney: sex	255	0.092669601361416	0.2997767018543021	RNA_all_255	female	male	-0.0312798235131924	0.0613897778482235	7386.0	0.6744975791721799
VM_RNA_log2TPM_255	Mann-Whitney: recorded necrosis	255	-0.1047904647807778	0.2958148312454949	RNA_all_255	0.0	1.0	0.0371971243098675	-0.0675933404709103	7025.0	0.6744975791721799
VM_RNA_log2TPM_255	Kruskal-Wallis across grouped AJCC stage	255	0.5279452592875487	0.7679945596537195	RNA_all_255						0.9498253876974838
VM_RNA_log2TPM	age	208	0.083674107970469	0.2295180843941708	RNA_protein_strict_208_RNA						0.6744975791721799
VM_RNA_log2TPM	AJCC stage ordinal	208	0.0165979321767541	0.8119178522438926	RNA_protein_strict_208_RNA						0.9498253876974838
VM_RNA_log2TPM	tumor diameter	208	-0.0283596000726136	0.6842834544060816	RNA_protein_strict_208_RNA						0.9498253876974838
VM_RNA_log2TPM	Mann-Whitney: sex	208	0.0663156787905287	0.3838758227288501	RNA_protein_strict_208_RNA	female	male	-0.0275519326377805	0.0387637461527481	4935.0	0.7677516454577002
VM_RNA_log2TPM	Mann-Whitney: recorded necrosis	208	-0.1471388077103045	0.1270690277123398	RNA_protein_strict_208_RNA	0.0	1.0	0.0626563505326236	-0.0844824571776809	4630.0	0.6744975791721799
VM_RNA_log2TPM	Kruskal-Wallis across grouped AJCC stage	208	0.3529310225685549	0.8382276880531102	RNA_protein_strict_208_RNA						0.9498253876974838
VM_protein_NA	age	208	0.0790569428428793	0.2563409953592768	RNA_protein_strict_208_protein						0.6744975791721799
VM_protein_NA	AJCC stage ordinal	208	0.0954742171030543	0.1701299073815077	RNA_protein_strict_208_protein						0.6744975791721799
VM_protein_NA	tumor diameter	208	0.0764279283740453	0.2725441958644227	RNA_protein_strict_208_protein						0.6744975791721799
VM_protein_NA	Mann-Whitney: sex	208	-0.0302589723471319	0.9397627053581898	RNA_protein_strict_208_protein	female	male	-0.0044727153249653	-0.0347316876720972	5343.0	0.9498253876974838
VM_protein_NA	Mann-Whitney: recorded necrosis	208	-0.0977324345042208	0.9036514073723856	RNA_protein_strict_208_protein	0.0	1.0	-0.0130008306468172	-0.1107332651510381	4102.0	0.9498253876974838
VM_protein_NA	Kruskal-Wallis across grouped AJCC stage	208	2.8702526447016226	0.2380852866219038	RNA_protein_strict_208_protein						0.6744975791721799
