sample_id	patient_id	tissue	input_cells	singlets	doublets	doublet_rate	median_doublet_score	cohort	pre_doublet_qc_cells	scdblfinder_singlets	strict_qc_cells	library_id	case_id	doublet_rate_among_called	label
ICC_18_N	ICC_18	Adjacent	10080	9024.0	1056.0	0.1047619047619047	0.1348716103293105	GSE138709							GSE138709 | ICC_18_N
ICC_18_T	ICC_18	Tumor	4846	4497.0	349.0	0.0720181593066446	0.29602950352698	GSE138709							GSE138709 | ICC_18_T
ICC_20_T	ICC_20	Tumor	2657	2525.0	132.0	0.0496800903274369	0.347630714588834	GSE138709							GSE138709 | ICC_20_T
ICC_23_N	ICC_23	Adjacent	4333	4051.0	282.0	0.065081929379183	0.104591373406524	GSE138709							GSE138709 | ICC_23_N
ICC_23_T	ICC_23	Tumor	3425	3250.0	175.0	0.0510948905109489	0.221482551198416	GSE138709							GSE138709 | ICC_23_T
ICC_24_T1	ICC_24	Tumor	3384	3209.0	175.0	0.0517139479905437	0.1914969108274244	GSE138709							GSE138709 | ICC_24_T1
ICC_24_T2	ICC_24	Tumor	2390	2282.0	108.0	0.0451882845188284	0.172909694026794	GSE138709							GSE138709 | ICC_24_T2
ICC_25_N	ICC_25	Adjacent	2113	2024.0	89.0	0.0421202082347373	0.108349277583819	GSE138709							GSE138709 | ICC_25_N
ICCB		Plasma	5069			0.0802919708029197		GSE181878	5034.0	4662.0	4662.0				GSE181878 | ICCB
ICCP		Adjacent	5576			0.0835724533715925		GSE181878	5517.0	5110.0	5110.0				GSE181878 | ICCP
ICCT		Tumor	3843			0.0497007546187874		GSE181878	3829.0	3652.0	3652.0				GSE181878 | ICCT
	GSE125449_C26		299	289.0	8.0		0.395382808361724	GSE125449	297.0		289.0	S08_P03_LCP26	C26	0.0269360269360269	GSE125449 | S08_P03_LCP26
	GSE125449_C25		207	200.0	5.0		0.45079696424666	GSE125449	205.0		200.0	S09_P04_LCP25	C25	0.024390243902439	GSE125449 | S09_P04_LCP25
	GSE125449_C29		939	903.0	31.0		0.284038409234387	GSE125449	934.0		903.0	S11_P06_LCP29	C29	0.0331905781584582	GSE125449 | S11_P06_LCP29
	GSE125449_C39		445	429.0	14.0		0.413658812776848	GSE125449	443.0		429.0	S19_P11_LCP39	C39	0.0316027088036117	GSE125449 | S19_P11_LCP39
	GSE125449_C35		139	134.0	4.0		0.4996696990750545	GSE125449	138.0		134.0	S20_P12_LCP35	C35	0.0289855072463768	GSE125449 | S20_P12_LCP35
	GSE125449_C60		1418	1355.0	58.0		0.279038032176663	GSE125449	1413.0		1355.0	S300_P02_LCP60	C60	0.0410474168435951	GSE125449 | S300_P02_LCP60
	GSE125449_C56		137	134.0	2.0		0.503609013144705	GSE125449	136.0		134.0	S305_P06_LCP56	C56	0.0147058823529411	GSE125449 | S305_P06_LCP56
	GSE125449_C42		508	492.0	14.0		0.290133648781328	GSE125449	506.0		492.0	S355_P13_LCP42	C42	0.0276679841897233	GSE125449 | S355_P13_LCP42
	GSE125449_C46		585	565.0	17.0		0.4431706740859095	GSE125449	582.0		565.0	S358_P16_LCP46	C46	0.0292096219931271	GSE125449 | S358_P16_LCP46
	GSE125449_C66		1356	1303.0	48.0		0.239453025743506	GSE125449	1351.0		1303.0	S365_P22_LCP66	C66	0.0355292376017764	GSE125449 | S365_P22_LCP66
